Workbook
Name _app1: IF(ISBLANK('Cover Sheet'!$I$67),"",'Cover Sheet'!$I$67)
Name _app2: IF(ISBLANK('Cover Sheet'!$I$66),"",'Cover Sheet'!$I$66)
Name _app3: IF(ISBLANK('Cover Sheet'!$I$65),"",'Cover Sheet'!$I$65)
Name _chk1: IF(ISBLANK('Cover Sheet'!$G$67),"",'Cover Sheet'!$G$67)
Name _chk2: IF(ISBLANK('Cover Sheet'!$G$66),"",'Cover Sheet'!$G$66)
Name _chk3: IF(ISBLANK('Cover Sheet'!$G$65),"",'Cover Sheet'!$G$65)
Name _rev1: IF(ISBLANK('Cover Sheet'!$A$67),"",'Cover Sheet'!$A$67)
Name _rev2: IF(ISBLANK('Cover Sheet'!$A$66),"",'Cover Sheet'!$A$66)
Name _rev3: IF(ISBLANK('Cover Sheet'!$A$65),"",'Cover Sheet'!$A$65)
Name a: '[1]High Frequency Acoustic Excit.'!#REF!
Name a: '[1]High Frequency Acoustic Excit.'!#REF!
Name a: '[1]High Frequency Acoustic Excit.'!#REF!
Name a: '[1]High Frequency Acoustic Excit.'!#REF!
Name a: '[1]High Frequency Acoustic Excit.'!#REF!
Name a: '[1]High Frequency Acoustic Excit.'!#REF!
Name a: '[1]High Frequency Acoustic Excit.'!#REF!
Name a: '[1]High Frequency Acoustic Excit.'!#REF!
Name a: '[1]High Frequency Acoustic Excit.'!#REF!
Name a: '[1]High Frequency Acoustic Excit.'!#REF!
Name a: '[1]High Frequency Acoustic Excit.'!#REF!
Name a: '[1]High Frequency Acoustic Excit.'!#REF!
Name B: '[1]High Frequency Acoustic Excit.'!#REF!
Name B: '[1]High Frequency Acoustic Excit.'!#REF!
Name B: '[1]High Frequency Acoustic Excit.'!#REF!
Name B: '[1]High Frequency Acoustic Excit.'!#REF!
Name B: '[1]High Frequency Acoustic Excit.'!#REF!
Name B: '[1]High Frequency Acoustic Excit.'!#REF!
Name B: '[1]High Frequency Acoustic Excit.'!#REF!
Name B: '[1]High Frequency Acoustic Excit.'!#REF!
Name B: '[1]High Frequency Acoustic Excit.'!#REF!
Name B: '[1]High Frequency Acoustic Excit.'!#REF!
Name B: '[1]High Frequency Acoustic Excit.'!#REF!
Name B: '[1]High Frequency Acoustic Excit.'!#REF!
Name Calc_No: IF(ISBLANK('Cover Sheet'!$H$3),"",'Cover Sheet'!$H$3)
Name calc_title: IF(ISBLANK('Cover Sheet'!$D$4),"",'Cover Sheet'!$D$4)
Name customer: IF(ISBLANK('Cover Sheet'!$D$2),"",'Cover Sheet'!$D$2)
Name date1: IF(ISBLANK('Cover Sheet'!$B$67),"",'Cover Sheet'!$B$67)
Name date2: IF(ISBLANK('Cover Sheet'!$B$66),"",'Cover Sheet'!$B$66)
Name date3: IF(ISBLANK('Cover Sheet'!$B$65),"",'Cover Sheet'!$B$65)
Name desc1: IF(ISBLANK('Cover Sheet'!$D$67),"",'Cover Sheet'!$D$67)
Name desc2: IF(ISBLANK('Cover Sheet'!$D$66),"",'Cover Sheet'!$D$66)
Name desc3: IF(ISBLANK('Cover Sheet'!$D$65),"",'Cover Sheet'!$D$65)
Name Dext: '[1]High Frequency Acoustic Excit.'!$D$15
Name disclaimer: 'Cover Sheet'!$A$69
Name elec_file: IF(ISBLANK('Cover Sheet'!$D$5),"",'Cover Sheet'!$D$5)
Name num_pages: IF(ISBLANK('Cover Sheet'!$J$6),"",'Cover Sheet'!$J$6)
Name orig1: IF(ISBLANK('Cover Sheet'!$F$67),"",'Cover Sheet'!$F$67)
Name orig2: IF(ISBLANK('Cover Sheet'!$F$66),"",'Cover Sheet'!$F$66)
Name orig3: IF(ISBLANK('Cover Sheet'!$F$65),"",'Cover Sheet'!$F$65)
Name Phase_CTR: IF(ISBLANK('Cover Sheet'!$H$4),"",'Cover Sheet'!$H$4)
Name proj_file: IF(ISBLANK('Cover Sheet'!$D$6),"",'Cover Sheet'!$D$6)
Name Proj_No: IF(ISBLANK('Cover Sheet'!$H$2),"",'Cover Sheet'!$H$2)
Name proj_title: IF(ISBLANK('Cover Sheet'!$D$3),"",'Cover Sheet'!$D$3)
Name s: '[1]High Frequency Acoustic Excit.'!#REF!
Name s: '[1]High Frequency Acoustic Excit.'!#REF!
Name s: '[1]High Frequency Acoustic Excit.'!#REF!
Name s: '[1]High Frequency Acoustic Excit.'!#REF!
Name s: '[1]High Frequency Acoustic Excit.'!#REF!
Name s: '[1]High Frequency Acoustic Excit.'!#REF!
Name s: '[1]High Frequency Acoustic Excit.'!#REF!

Sheet Cover Sheet
A1: Calculation Cover Sheet
A2: Customer | D2: customer name | G2: Proj No | H2: proj no
A3: Project Title | D3: proj title | G3: Calc No | H3: KS-PR-CAL-0090
A4: Calculation Title | D4: Vibration Assessment - Surge and Momentum Changes Template | G4: Phase/CTR | H4: phase
A5: Elec File Location | D5: =SUBSTITUTE(LEFT(CELL("filename"),FIND("]",CELL("filename"))-1),"[","") -> https://worleyparsons-my.sharepoint.com/personal/priyanka_verma_worley_com/Documents/Phase 2 QC2 Document Folder/KS/Calculations KS/Compare/KS-PR-CAL-0090 Vibration Assessment - Surge and Momentum Changes Template.xlsx
G6: Page | H6: 1 | I6: of | J6: 13
A7: Calculation Objective
A8: The objective of this calculation is to determine the main line likelihood of failure (LOF) for vibration induced fatigue due to surge/momentum changes due to valve operation for….
A13: Calculation Method
A14: The LOF calculation methodology is based on Energy Institute guidelines for the avoidance of vibration induced fatigue in process pipework (Ref. 1, Technical Module T2.9) and is summarized below: 1) Preliminary screening - Identify all the significant valves on a particular line. 2) Categorisation and LOF assignment The assesment is split into three potential operating cases: - Dry Gas Rapid Valve Opening. - Liquid Multiphase Valve Closure. - Liquid Multiphase Valve Opening. Each case is described in more detail in section 4. Additional guidance is provided in Worley Design Guide: "Avoidance of Vibration Induced Fatigue Failure in Process Pipework" (Ref. 2)
A25: Assumptions
A26: 1. System under consideration is a new design, part of an existing plant or change to existing plant that may exhibit or result in surge/momentum changes Due to valve operation (Ref. 1, Tables T2-6 and T2-7 and T2-8). 2. Excitation due to surge and momentum changes is only considered for fast acting valves, which excludes all manually operated valves (Ref. 1 Sec T2.8.1). 3. For a dry gas any potential surge pressure due to a rapid valve closure is taken up via compression of the gas, hence likelihood of failure due to a gas valve closing is considered negligible (Ref. 1 Sec T2.8.1). 4. The assumption is made that the line is adequately supported for any reaction loads and that any anchors have significant strength.
A41: Software Used
A42: Title | G42: Version | H42: Validation (Y / N / N/A)
A45: References
A46: 1. "Guidelines for the Avoidance of Vibration Induced Fatigue in Process Pipework" Energy Institute, 2nd Edition,January 2008 2. "Avoidance of Vibration Induced Fatigue Failure in Process Pipework", KS-PR-DEG-0166, Worley Design Guide, Rev 0, November 2016
A52: Conclusions
A60: Related to a Safety Critical System? | E60: No | F60: Status of Supplier Data used | H60: N/A
A61: HOLDS
A65: rev 3 | B65: date 3 | D65: desc 3 | F65: by 3 | G65: chkd 3 | I65: app 3
A66: rev 2 | B66: date 2 | D66: desc 2 | F66: by 2 | G66: chkd 2 | I66: app 2
A67: rev 1 | B67: date 1 | D67: desc 1 | F67: by 1 | G67: chkd 1 | I67: app 1
A68: Rev | B68: Date | D68: Description | F68: By | G68: Checked | I68: Approved
A69: This Calculation represents the work of Worley performed to recognized engineering principles and practices appropriate for the terms of reference provided by Worley contractual Customer. This Calculation is confidential and prepared solely for the use of the Customer. The contents of this Calculation may not be disclosed to or relied upon by any party other than the Customer, and neither Worley, its subconsultants nor their respective employees assume any liability for any reason, including, but not limited to, negligence, to any other party for any information or representation herein.

Sheet Module1

Sheet Checklist
A1: Calculation Checklist
A2: Customer | D2: =customer -> customer name | G2: ='Cover Sheet'!G2 -> Proj No | H2: =Proj_No -> proj no
A3: Project Title | D3: =proj_title -> proj title | G3: ='Cover Sheet'!G3 -> Calc No | H3: KS-PR-CAL-0090
A4: Calculation Title | D4: Vibration Assessment - Surge and Momentum Changes | G4: Phase/CTR | H4: =Phase_CTR -> phase
A5: Elec File Location | D5: =elec_file -> https://worleyparsons-my.sharepoint.com/personal/priyanka_verma_worley_com/Documents/Phase 2 QC2 Document Folder/KS/Calculations KS/Compare/KS-PR-CAL-0090 Vibration Assessment - Surge and Momentum Changes Template.xlsx
G6: Page | H6: 2 | I6: of | J6: =num_pages -> 13
A7: Please check boxes for all applicable items checked or mark as "N/A" if not appropriate:
A8: The objective of this calculation is to determine the main line likelihood of failure (LOF) for vibration induced fatigue due to surge/momentum changes due to valve operation for….
A9: Originator | B9: Checker
C10: Calculation number assigned and registered. refer to project numbering system or Document Number Standard (MS-DP-STD-0009) for format.
C11: All required information on Cover Sheet provided.
C12: Revision history box complete and signed. (Typed names (minimum of first initial and last name e.g. A. Wood) of Originator, Checker, Approver; to be initialed beside at sign-off) (Dates in standard format (DD-MMM-YY)
C13: Table of Contents.
C14: Appropriate stamp for preliminary issues.
C15: Source of input data stated (with revision number and date if relevant).
C16: Customer's requirements included/addressed.
C17: Approach used is appropriate for problem being solved.
C18: Method clear and easy to follow.
C19: Input data correct.
C20: Calculation arithmetically correct OR software previously verified and reference to verification checked.
C21: Calculation result within expected limits.
... C29: Conclusions and recommendations are appropriate.
A30: Checking Records:
C31: Checked and annotated copy of calculation filed (use "Doc Check Print" stamp).
C32: Corrections made as required and calculation dated and signed on cover sheet by checker.
C33: Alternative method calculation and/or representative check performed and filed, as required.
A34: Revisions:
C35: Changes clouded.
C36: Revision history block updated.
C37: Calculation re-checked if required.
A40: =_rev3 -> rev 3 | B40: =date3 -> date 3 | D40: =desc3 -> desc 3 | F40: =orig3 -> by 3 | G40: =_chk3 -> chkd 3 | I40: =_app3 -> app 3
A41: =_rev2 -> rev 2 | B41: =date2 -> date 2 | D41: =desc2 -> desc 2 | F41: =orig2 -> by 2 | G41: =_chk2 -> chkd 2 | I41: =_app2 -> app 2
A42: =_rev1 -> rev 1 | B42: =date1 -> date 1 | D42: =desc1 -> desc 1 | F42: =orig1 -> by 1 | G42: =_chk1 -> chkd 1 | I42: =_app1 -> app 1
A43: Rev | B43: Date | D43: Description | F43: By | G43: Checked | I43: Approved
A44: =disclaimer -> This Calculation represents the work of Worley performed to recognized engineering principles and practices appropriate for the terms of reference provided by Worley contractual Customer. This Calculation is confidential and prepared solely for the use of the Customer. The contents of this Calculation may not be disclosed to or relied upon by any party other than the Customer, and neither Worley, its subconsultants nor their respective employees assume any liability for any reason, including, but not limited to, negligence, to any other party for any information or representation herein.

Sheet ToC
B1: Calculation Sheet
B2: Customer | I2: =customer -> customer name | AA2: ='Cover Sheet'!G2 -> Proj No | AE2: =Proj_No -> proj no
B3: Project Title | I3: =proj_title -> proj title | AA3: ='Cover Sheet'!G3 -> Calc No | AE3: =Calc_No -> KS-PR-CAL-0090
B4: Calculation Title | I4: =calc_title -> Vibration Assessment - Surge and Momentum Changes Template | AA4: Phase/CTR | AE4: =Phase_CTR -> phase
B5: Elec File Location | I5: =elec_file -> https://worleyparsons-my.sharepoint.com/personal/priyanka_verma_worley_com/Documents/Phase 2 QC2 Document Folder/KS/Calculations KS/Compare/KS-PR-CAL-0090 Vibration Assessment - Surge and Momentum Changes Template.xlsx
AD6: Page | AG6: 3 | AJ6: of | AL6: =num_pages -> 13
B7: Rev | D7: Date | G7: By | K7: Checked | O7: Rev | Q7: Date | T7: By | X7: Checked | AB7: Rev | AD7: Date | AG7: By | AK7: Checked
A8: The objective of this calculation is to determine the main line likelihood of failure (LOF) for vibration induced fatigue due to surge/momentum changes due to valve operation for…. | B8: =_rev1 -> rev 1 | D8: =date1 -> date 1 | G8: =orig1 -> by 1 | K8: =_chk1 -> chkd 1 | O8: =_rev2 -> rev 2 | Q8: =date2 -> date 2 | T8: =orig2 -> by 2 | X8: =_chk2 -> chkd 2 | AB8: =_rev3 -> rev 3 | AD8: =date3 -> date 3 | AG8: =orig3 -> by 3 | AK8: =_chk3 -> chkd 3
B12: Table of Contents
AH13: Page
F14: 1.0 | H14: Introduction | AH14: 4
F15: 2.0 | H15: Sketch | AH15: 5
F16: 3.0 | H16: Nomenclature | AH16: 6
F17: 4.0 | H17: Mechanism | AH17: 7
F18: 4.1 | H18: Dry Gas Rapid Valve Opening Methodology | AH18: 7
F19: 4.2 | H19: Liquid or Multiphase Valve Closure | AH19: 8
F20: 4.3 | H20: Liquid or Multiphase Valve Opening | AH20: 9
F21: 5.0 | H21: Case Descriptions | AH21: 10
F22: 6.1 | H22: Case Summary Dry Gas Rapid Valve Opening | AH22: 11
F23: 6.2 | H23: Case Summary Liquid or Multiphase Valve Closure | AH23: 12
F24: 6.3 | H24: Case Summary Liquid or Multiphase Rapid Valve Opening | AH24: 13
B28: Appendices
AH29: Pages
F30: A | H30: ='App A- Dry Gas Calc '!B10 -> APPENDIX - A Dry Gas Rapid Valve Opening | AH30: 1
F31: B | H31: ='AppB- Liquid or Multiphase Calc'!B9 -> APPENDIX - B Liquid Multiphase Valve Closure | AH31: 1
F32: C | H32: APPENDIX - C Liquid Multiphase Valve Opening | AH32: 1
B52: =disclaimer -> This Calculation represents the work of Worley performed to recognized engineering principles and practices appropriate for the terms of reference provided by Worley contractual Customer. This Calculation is confidential and prepared solely for the use of the Customer. The contents of this Calculation may not be disclosed to or relied upon by any party other than the Customer, and neither Worley, its subconsultants nor their respective employees assume any liability for any reason, including, but not limited to, negligence, to any other party for any information or representation herein.

Sheet P4 - Introduction
B1: Calculation Sheet
B2: Customer | I2: =customer -> customer name | AA2: ='Cover Sheet'!G2 -> Proj No | AE2: =Proj_No -> proj no
B3: Project Title | I3: =proj_title -> proj title | AA3: ='Cover Sheet'!G3 -> Calc No | AE3: =Calc_No -> KS-PR-CAL-0090
B4: Calculation Title | I4: =calc_title -> Vibration Assessment - Surge and Momentum Changes Template | AA4: Phase/CTR | AE4: =Phase_CTR -> phase
B5: Elec File Location | I5: =elec_file -> https://worleyparsons-my.sharepoint.com/personal/priyanka_verma_worley_com/Documents/Phase 2 QC2 Document Folder/KS/Calculations KS/Compare/KS-PR-CAL-0090 Vibration Assessment - Surge and Momentum Changes Template.xlsx
AD6: Page | AG6: 4 | AJ6: of | AL6: =num_pages -> 13
B7: Rev | D7: Date | G7: By | K7: Checked | O7: Rev | Q7: Date | T7: By | X7: Checked | AB7: Rev | AD7: Date | AG7: By | AK7: Checked
A8: The objective of this calculation is to determine the main line likelihood of failure (LOF) for vibration induced fatigue due to surge/momentum changes due to valve operation for…. | B8: =_rev1 -> rev 1 | D8: =date1 -> date 1 | G8: =orig1 -> by 1 | K8: =_chk1 -> chkd 1 | O8: =_rev2 -> rev 2 | Q8: =date2 -> date 2 | T8: =orig2 -> by 2 | X8: =_chk2 -> chkd 2 | AB8: =_rev3 -> rev 3 | AD8: =date3 -> date 3 | AG8: =orig3 -> by 3 | AK8: =_chk3 -> chkd 3
C10: =ToC!F14 -> 1.0 | F10: =ToC!H14 -> Introduction
B50: =disclaimer -> This Calculation represents the work of Worley performed to recognized engineering principles and practices appropriate for the terms of reference provided by Worley contractual Customer. This Calculation is confidential and prepared solely for the use of the Customer. The contents of this Calculation may not be disclosed to or relied upon by any party other than the Customer, and neither Worley, its subconsultants nor their respective employees assume any liability for any reason, including, but not limited to, negligence, to any other party for any information or representation herein.

Sheet P5 - Sketch
B1: Calculation Sheet
B2: Customer | I2: =customer -> customer name | AA2: ='Cover Sheet'!G2 -> Proj No | AE2: =Proj_No -> proj no
B3: Project Title | I3: =proj_title -> proj title | AA3: ='Cover Sheet'!G3 -> Calc No | AE3: =Calc_No -> KS-PR-CAL-0090
B4: Calculation Title | I4: =calc_title -> Vibration Assessment - Surge and Momentum Changes Template | AA4: Phase/CTR | AE4: =Phase_CTR -> phase
B5: Elec File Location | I5: =elec_file -> https://worleyparsons-my.sharepoint.com/personal/priyanka_verma_worley_com/Documents/Phase 2 QC2 Document Folder/KS/Calculations KS/Compare/KS-PR-CAL-0090 Vibration Assessment - Surge and Momentum Changes Template.xlsx
AD6: Page | AG6: 5 | AJ6: of | AL6: =num_pages -> 13
B7: Rev | D7: Date | G7: By | K7: Checked | O7: Rev | Q7: Date | T7: By | X7: Checked | AB7: Rev | AD7: Date | AG7: By | AK7: Checked
A8: The objective of this calculation is to determine the main line likelihood of failure (LOF) for vibration induced fatigue due to surge/momentum changes due to valve operation for…. | B8: =_rev1 -> rev 1 | D8: =date1 -> date 1 | G8: =orig1 -> by 1 | K8: =_chk1 -> chkd 1 | O8: =_rev2 -> rev 2 | Q8: =date2 -> date 2 | T8: =orig2 -> by 2 | X8: =_chk2 -> chkd 2 | AB8: =_rev3 -> rev 3 | AD8: =date3 -> date 3 | AG8: =orig3 -> by 3 | AK8: =_chk3 -> chkd 3
C10: =ToC!F15 -> 2.0 | F10: Sketch
B51: =disclaimer -> This Calculation represents the work of Worley performed to recognized engineering principles and practices appropriate for the terms of reference provided by Worley contractual Customer. This Calculation is confidential and prepared solely for the use of the Customer. The contents of this Calculation may not be disclosed to or relied upon by any party other than the Customer, and neither Worley, its subconsultants nor their respective employees assume any liability for any reason, including, but not limited to, negligence, to any other party for any information or representation herein.

Sheet P6-Nomenclature
B1: Calculation Sheet
B2: Customer | I2: =customer -> customer name | AA2: ='Cover Sheet'!G2 -> Proj No | AE2: =Proj_No -> proj no
B3: Project Title | I3: =proj_title -> proj title | AA3: ='Cover Sheet'!G3 -> Calc No | AE3: =Calc_No -> KS-PR-CAL-0090
B4: Calculation Title | I4: =calc_title -> Vibration Assessment - Surge and Momentum Changes Template | AA4: Phase/CTR | AE4: =Phase_CTR -> phase
B5: Elec File Location | I5: =elec_file -> https://worleyparsons-my.sharepoint.com/personal/priyanka_verma_worley_com/Documents/Phase 2 QC2 Document Folder/KS/Calculations KS/Compare/KS-PR-CAL-0090 Vibration Assessment - Surge and Momentum Changes Template.xlsx
AD6: Page | AG6: 6 | AJ6: of | AL6: =num_pages -> 13
B7: Rev | D7: Date | G7: By | K7: Checked | O7: Rev | Q7: Date | T7: By | X7: Checked | AB7: Rev | AD7: Date | AG7: By | AK7: Checked
A8: The objective of this calculation is to determine the main line likelihood of failure (LOF) for vibration induced fatigue due to surge/momentum changes due to valve operation for…. | B8: =_rev1 -> rev 1 | D8: =date1 -> date 1 | G8: =orig1 -> by 1 | K8: =_chk1 -> chkd 1 | O8: =_rev2 -> rev 2 | Q8: =date2 -> date 2 | T8: =orig2 -> by 2 | X8: =_chk2 -> chkd 2 | AB8: =_rev3 -> rev 3 | AD8: =date3 -> date 3 | AG8: =orig3 -> by 3 | AK8: =_chk3 -> chkd 3
C10: =ToC!F16 -> 3.0 | F10: =ToC!H16 -> Nomenclature
C12: c | G12: Speed of sound | AA12: m/s
C13: Dext | G13: External Diameter of Main Line | AA13: mm
C14: Dext | G14: External Diameter of Branch | AA14: mm
C15: Dint | G15: Internal Diameter of Main Line | AA15: mm
C16: Eml | G16: Young Modulus of the main line material | AA16: N/m2
C17: Flim | G17: Limit Force | AA17: kN
C18: Fmax | G18: Peak Force | AA18: kN
C19: K | G19: Fluid bulk modulus | AA19: N/m2
C20: Ldis | G20: Distance between Source and Welded Discontinuity | AA20: m
C21: Lup | G21: Upstream pipe length | AA21: m
C22: Mw | G22: Molecular Weight | AA22: g/mol
C23: P1 | G23: Upstream static Pressure | AA23: Pa(absolute)
... C32: ΔP | G32: Static pressure drop | AA32: Pa
C33: θ | G33: Correction factor for the pipe support
C34: ϒ | G34: Ratio of Specific Heat Capacities (Cp/Cv)
C35: φ | G35: Function defining the flow area as a function of time | AA35: 1/sec
C36: Ψ | G36: Actual pipe wall thickness/Schedule 40 pipe wall thickness
B51: =disclaimer -> This Calculation represents the work of Worley performed to recognized engineering principles and practices appropriate for the terms of reference provided by Worley contractual Customer. This Calculation is confidential and prepared solely for the use of the Customer. The contents of this Calculation may not be disclosed to or relied upon by any party other than the Customer, and neither Worley, its subconsultants nor their respective employees assume any liability for any reason, including, but not limited to, negligence, to any other party for any information or representation herein.

Sheet P7 - Mechanism
B1: Calculation Sheet
B2: Customer | I2: =customer -> customer name | AA2: ='Cover Sheet'!G2 -> Proj No | AE2: =Proj_No -> proj no
B3: Project Title | I3: =proj_title -> proj title | AA3: ='Cover Sheet'!G3 -> Calc No | AE3: =Calc_No -> KS-PR-CAL-0090
B4: Calculation Title | I4: =calc_title -> Vibration Assessment - Surge and Momentum Changes Template | AA4: Phase/CTR | AE4: =Phase_CTR -> phase
B5: Elec File Location | I5: =elec_file -> https://worleyparsons-my.sharepoint.com/personal/priyanka_verma_worley_com/Documents/Phase 2 QC2 Document Folder/KS/Calculations KS/Compare/KS-PR-CAL-0090 Vibration Assessment - Surge and Momentum Changes Template.xlsx
AD6: Page | AG6: 7 | AJ6: of | AL6: =num_pages -> 13
B7: Rev | D7: Date | G7: By | K7: Checked | O7: Rev | Q7: Date | T7: By | X7: Checked | AB7: Rev | AD7: Date | AG7: By | AK7: Checked
A8: The objective of this calculation is to determine the main line likelihood of failure (LOF) for vibration induced fatigue due to surge/momentum changes due to valve operation for…. | B8: =_rev1 -> rev 1 | D8: =date1 -> date 1 | G8: =orig1 -> by 1 | K8: =_chk1 -> chkd 1 | O8: =_rev2 -> rev 2 | Q8: =date2 -> date 2 | T8: =orig2 -> by 2 | X8: =_chk2 -> chkd 2 | AB8: =_rev3 -> rev 3 | AD8: =date3 -> date 3 | AG8: =orig3 -> by 3 | AK8: =_chk3 -> chkd 3
C10: =ToC!F17 -> 4.0 | F10: =ToC!H17 -> Mechanism
C12: As per the the definition given the energy insuite guidelines (Ref. 1) in Surge (or water hammer, as it is commonly
C13: known) is a pressure wave caused by kinetic energy of a fluid in motionwhen it is forced to stop or change direction
C14: suddenly. If the pipe is suddenly closed at the outlet (downstream) a pressure wave is generated which travels back
C15: upstream at the speed of sound in the liquid. This can give rise to high levels of transient pressure and associated
C16: forces acting on the pipework, in liquid and multiphase service.
C18: High transient forces can also be generated by rapid change in fluid momentum caused by the sudden opening of a
C19: valve, e.g. fast operating of a relief valve, in either liquid, multiphase or dry gas service.
C21: =ToC!F18 -> 4.1 | F21: =ToC!H18 -> Dry Gas Rapid Valve Opening Methodology
C23: For a rapid opening of a gas valve the transient forces are due to the sudden change in momentum:
B51: =disclaimer -> This Calculation represents the work of Worley performed to recognized engineering principles and practices appropriate for the terms of reference provided by Worley contractual Customer. This Calculation is confidential and prepared solely for the use of the Customer. The contents of this Calculation may not be disclosed to or relied upon by any party other than the Customer, and neither Worley, its subconsultants nor their respective employees assume any liability for any reason, including, but not limited to, negligence, to any other party for any information or representation herein.

Sheet P8- Liquid or Multiphase
B1: Calculation Sheet
B2: Customer | I2: =customer -> customer name | AA2: ='Cover Sheet'!G2 -> Proj No | AE2: =Proj_No -> proj no
B3: Project Title | I3: =proj_title -> proj title | AA3: ='Cover Sheet'!G3 -> Calc No | AE3: =Calc_No -> KS-PR-CAL-0090
B4: Calculation Title | I4: =calc_title -> Vibration Assessment - Surge and Momentum Changes Template | AA4: Phase/CTR | AE4: =Phase_CTR -> phase
B5: Elec File Location | I5: =elec_file -> https://worleyparsons-my.sharepoint.com/personal/priyanka_verma_worley_com/Documents/Phase 2 QC2 Document Folder/KS/Calculations KS/Compare/KS-PR-CAL-0090 Vibration Assessment - Surge and Momentum Changes Template.xlsx
AD6: Page | AG6: 8 | AJ6: of | AL6: =num_pages -> 13
B7: Rev | D7: Date | G7: By | K7: Checked | O7: Rev | Q7: Date | T7: By | X7: Checked | AB7: Rev | AD7: Date | AG7: By | AK7: Checked
A8: The objective of this calculation is to determine the main line likelihood of failure (LOF) for vibration induced fatigue due to surge/momentum changes due to valve operation for…. | B8: =_rev1 -> rev 1 | D8: =date1 -> date 1 | G8: =orig1 -> by 1 | K8: =_chk1 -> chkd 1 | O8: =_rev2 -> rev 2 | Q8: =date2 -> date 2 | T8: =orig2 -> by 2 | X8: =_chk2 -> chkd 2 | AB8: =_rev3 -> rev 3 | AD8: =date3 -> date 3 | AG8: =orig3 -> by 3 | AK8: =_chk3 -> chkd 3
C10: =ToC!F19 -> 4.2 | F10: =ToC!H19 -> Liquid or Multiphase Valve Closure
C12: The peak pressure surge (Pmax) generated during a valve opening or closure should remain within the design pressure
C13: rating for the line. If this is not the case a detailed surge analysis should be carried out in addition to the following
C14: assesment, please refer to Ref. 1 TM-09.
C16: The intial assesment considers the worst case event of a 'sudden' valve closure, and the effect of the pressure surge
C17: on the pipe. If this is considered acceptable then no further analysis is required as the pressure surge is unlikely to
C18: affect the intergrity of the pipe. Sudden valve closure is defined as a valve closure time that is less than (2Lup/c)
B51: =disclaimer -> This Calculation represents the work of Worley performed to recognized engineering principles and practices appropriate for the terms of reference provided by Worley contractual Customer. This Calculation is confidential and prepared solely for the use of the Customer. The contents of this Calculation may not be disclosed to or relied upon by any party other than the Customer, and neither Worley, its subconsultants nor their respective employees assume any liability for any reason, including, but not limited to, negligence, to any other party for any information or representation herein.

Sheet P 9- Liquid or Multiphase Open
B1: Calculation Sheet
B2: Customer | I2: =customer -> customer name | AA2: ='Cover Sheet'!G2 -> Proj No | AE2: =Proj_No -> proj no
B3: Project Title | I3: =proj_title -> proj title | AA3: ='Cover Sheet'!G3 -> Calc No | AE3: =Calc_No -> KS-PR-CAL-0090
B4: Calculation Title | I4: =calc_title -> Vibration Assessment - Surge and Momentum Changes Template | AA4: Phase/CTR | AE4: =Phase_CTR -> phase
B5: Elec File Location | I5: =elec_file -> https://worleyparsons-my.sharepoint.com/personal/priyanka_verma_worley_com/Documents/Phase 2 QC2 Document Folder/KS/Calculations KS/Compare/KS-PR-CAL-0090 Vibration Assessment - Surge and Momentum Changes Template.xlsx
AD6: Page | AG6: 9 | AJ6: of | AL6: =num_pages -> 13
B7: Rev | D7: Date | G7: By | K7: Checked | O7: Rev | Q7: Date | T7: By | X7: Checked | AB7: Rev | AD7: Date | AG7: By | AK7: Checked
A8: The objective of this calculation is to determine the main line likelihood of failure (LOF) for vibration induced fatigue due to surge/momentum changes due to valve operation for…. | B8: =_rev1 -> rev 1 | D8: =date1 -> date 1 | G8: =orig1 -> by 1 | K8: =_chk1 -> chkd 1 | O8: =_rev2 -> rev 2 | Q8: =date2 -> date 2 | T8: =orig2 -> by 2 | X8: =_chk2 -> chkd 2 | AB8: =_rev3 -> rev 3 | AD8: =date3 -> date 3 | AG8: =orig3 -> by 3 | AK8: =_chk3 -> chkd 3
C10: =ToC!F20 -> 4.3 | F10: =ToC!H20 -> Liquid or Multiphase Valve Opening
C12: High dynamic forces due to the rapid change in momentum, considering the valve opening scenario in a liquid or
C13: multiphase system, is outlined in the steps below. Note: for this case cavitation and flashing needs to be taken into
C14: account using the approach outlined in section T2.9 and T2.10 in Ref. 1 respectively.
B51: =disclaimer -> This Calculation represents the work of Worley performed to recognized engineering principles and practices appropriate for the terms of reference provided by Worley contractual Customer. This Calculation is confidential and prepared solely for the use of the Customer. The contents of this Calculation may not be disclosed to or relied upon by any party other than the Customer, and neither Worley, its subconsultants nor their respective employees assume any liability for any reason, including, but not limited to, negligence, to any other party for any information or representation herein.

Sheet P10- Case Description
B1: Calculation Sheet
B2: Customer | I2: =customer -> customer name | AA2: ='Cover Sheet'!G2 -> Proj No | AE2: =Proj_No -> proj no
B3: Project Title | I3: =proj_title -> proj title | AA3: ='Cover Sheet'!G3 -> Calc No | AE3: =Calc_No -> KS-PR-CAL-0090
B4: Calculation Title | I4: =calc_title -> Vibration Assessment - Surge and Momentum Changes Template | AA4: Phase/CTR | AE4: =Phase_CTR -> phase
B5: Elec File Location | I5: =elec_file -> https://worleyparsons-my.sharepoint.com/personal/priyanka_verma_worley_com/Documents/Phase 2 QC2 Document Folder/KS/Calculations KS/Compare/KS-PR-CAL-0090 Vibration Assessment - Surge and Momentum Changes Template.xlsx
AD6: Page | AG6: 10 | AJ6: of | AL6: =num_pages -> 13
B7: Rev | D7: Date | G7: By | K7: Checked | O7: Rev | Q7: Date | T7: By | X7: Checked | AB7: Rev | AD7: Date | AG7: By | AK7: Checked
A8: The objective of this calculation is to determine the main line likelihood of failure (LOF) for vibration induced fatigue due to surge/momentum changes due to valve operation for…. | B8: =_rev1 -> rev 1 | D8: =date1 -> date 1 | G8: =orig1 -> by 1 | K8: =_chk1 -> chkd 1 | O8: =_rev2 -> rev 2 | Q8: =date2 -> date 2 | T8: =orig2 -> by 2 | X8: =_chk2 -> chkd 2 | AB8: =_rev3 -> rev 3 | AD8: =date3 -> date 3 | AG8: =orig3 -> by 3 | AK8: =_chk3 -> chkd 3
C10: =ToC!F21 -> 5.0 | F10: =ToC!H21 -> Case Descriptions
C12: CASE I User to add description of case CASE II User to add description of case CASE III User to add description of case CASE IV User to add description of case CASE V User to add description of case CASE VI User to add description of case CASE VII User to add description of case CASE VIII User to add description of case CASE IX User to add description of case
B51: =disclaimer -> This Calculation represents the work of Worley performed to recognized engineering principles and practices appropriate for the terms of reference provided by Worley contractual Customer. This Calculation is confidential and prepared solely for the use of the Customer. The contents of this Calculation may not be disclosed to or relied upon by any party other than the Customer, and neither Worley, its subconsultants nor their respective employees assume any liability for any reason, including, but not limited to, negligence, to any other party for any information or representation herein.

Sheet P11-Summary (Dry Gas)
B1: Calculation Sheet
B2: Customer | I2: =customer -> customer name | AA2: ='Cover Sheet'!G2 -> Proj No | AE2: =Proj_No -> proj no
B3: Project Title | I3: =proj_title -> proj title | AA3: ='Cover Sheet'!G3 -> Calc No | AE3: =Calc_No -> KS-PR-CAL-0090
B4: Calculation Title | I4: =calc_title -> Vibration Assessment - Surge and Momentum Changes Template | AA4: Phase/CTR | AE4: =Phase_CTR -> phase
B5: Elec File Location | I5: =elec_file -> https://worleyparsons-my.sharepoint.com/personal/priyanka_verma_worley_com/Documents/Phase 2 QC2 Document Folder/KS/Calculations KS/Compare/KS-PR-CAL-0090 Vibration Assessment - Surge and Momentum Changes Template.xlsx
AD6: Page | AG6: 11 | AJ6: of | AL6: =num_pages -> 13
B7: Rev | D7: Date | G7: By | K7: Checked | O7: Rev | Q7: Date | T7: By | X7: Checked | AB7: Rev | AD7: Date | AG7: By | AK7: Checked
A8: The objective of this calculation is to determine the main line likelihood of failure (LOF) for vibration induced fatigue due to surge/momentum changes due to valve operation for…. | B8: =_rev1 -> rev 1 | D8: =date1 -> date 1 | G8: =orig1 -> by 1 | K8: =_chk1 -> chkd 1 | O8: =_rev2 -> rev 2 | Q8: =date2 -> date 2 | T8: =orig2 -> by 2 | X8: =_chk2 -> chkd 2 | AB8: =_rev3 -> rev 3 | AD8: =date3 -> date 3 | AG8: =orig3 -> by 3 | AK8: =_chk3 -> chkd 3
C10: =ToC!F22 -> 6.1 | F10: =ToC!H22 -> Case Summary Dry Gas Rapid Valve Opening
M12: ='App A- Dry Gas Calc '!T12 -> CASE I | V12: ='App A- Dry Gas Calc '!Z12 -> CASE II | AE12: ='App A- Dry Gas Calc '!AF12 -> CASE III
C13: Input Data
C14: ='App A- Dry Gas Calc '!C14 -> Line/Unit Number | M14: ='App A- Dry Gas Calc '!T14 | V14: ='App A- Dry Gas Calc '!Z14 | AE14: ='App A- Dry Gas Calc '!AF14
C15: ='App A- Dry Gas Calc '!C27 -> Support Type | M15: ='App A- Dry Gas Calc '!T27 -> Medium Stiff | V15: ='App A- Dry Gas Calc '!Z27 -> Medium Stiff | AE15: ='App A- Dry Gas Calc '!AF27 -> Medium Stiff
C16: ='App A- Dry Gas Calc '!C19 -> Nominal Pipe Diameter (mm) | M16: ='App A- Dry Gas Calc '!T19 -> 100 | V16: ='App A- Dry Gas Calc '!Z19 -> 100 | AE16: ='App A- Dry Gas Calc '!AF19 -> 100
C17: Results
C18: Peak Force (kN) Fmax | M18: ='App A- Dry Gas Calc '!T31 -> 6.2856323 | V18: ='App A- Dry Gas Calc '!Z31 -> 6.2856323 | AE18: ='App A- Dry Gas Calc '!AF31 -> 6.2856323
C19: Limit Force (kN) Flim | M19: ='App A- Dry Gas Calc '!T33 -> 1.0613348 | V19: ='App A- Dry Gas Calc '!Z33 -> 1.0613348 | AE19: ='App A- Dry Gas Calc '!AF33 -> 1.3843899
C20: Likelihood of Failure (LOF) | M20: ='App A- Dry Gas Calc '!T34 -> 5.9223844 | V20: ='App A- Dry Gas Calc '!Z34 -> 5.9223844 | AE20: ='App A- Dry Gas Calc '!AF34 -> 4.5403627
B65: =disclaimer -> This Calculation represents the work of Worley performed to recognized engineering principles and practices appropriate for the terms of reference provided by Worley contractual Customer. This Calculation is confidential and prepared solely for the use of the Customer. The contents of this Calculation may not be disclosed to or relied upon by any party other than the Customer, and neither Worley, its subconsultants nor their respective employees assume any liability for any reason, including, but not limited to, negligence, to any other party for any information or representation herein.

Sheet P12-Summary (Valve Closure)
B1: Calculation Sheet
B2: Customer | I2: =customer -> customer name | AA2: ='Cover Sheet'!G2 -> Proj No | AE2: =Proj_No -> proj no
B3: Project Title | I3: =proj_title -> proj title | AA3: ='Cover Sheet'!G3 -> Calc No | AE3: =Calc_No -> KS-PR-CAL-0090
B4: Calculation Title | I4: =calc_title -> Vibration Assessment - Surge and Momentum Changes Template | AA4: Phase/CTR | AE4: =Phase_CTR -> phase
B5: Elec File Location | I5: =elec_file -> https://worleyparsons-my.sharepoint.com/personal/priyanka_verma_worley_com/Documents/Phase 2 QC2 Document Folder/KS/Calculations KS/Compare/KS-PR-CAL-0090 Vibration Assessment - Surge and Momentum Changes Template.xlsx
AD6: Page | AG6: 12 | AJ6: of | AL6: =num_pages -> 13
B7: Rev | D7: Date | G7: By | K7: Checked | O7: Rev | Q7: Date | T7: By | X7: Checked | AB7: Rev | AD7: Date | AG7: By | AK7: Checked
A8: The objective of this calculation is to determine the main line likelihood of failure (LOF) for vibration induced fatigue due to surge/momentum changes due to valve operation for…. | B8: =_rev1 -> rev 1 | D8: =date1 -> date 1 | G8: =orig1 -> by 1 | K8: =_chk1 -> chkd 1 | O8: =_rev2 -> rev 2 | Q8: =date2 -> date 2 | T8: =orig2 -> by 2 | X8: =_chk2 -> chkd 2 | AB8: =_rev3 -> rev 3 | AD8: =date3 -> date 3 | AG8: =orig3 -> by 3 | AK8: =_chk3 -> chkd 3
C10: =ToC!F23 -> 6.2 | F10: =ToC!H23 -> Case Summary Liquid or Multiphase Valve Closure
M12: ='AppB- Liquid or Multiphase Calc'!T11 -> CASE IV | V12: ='AppB- Liquid or Multiphase Calc'!Z11 -> CASE V | AE12: ='AppB- Liquid or Multiphase Calc'!AF11 -> CASE VI
C13: Input Data
C14: ='AppB- Liquid or Multiphase Calc'!C13 -> Line/Unit Number | M14: ='AppB- Liquid or Multiphase Calc'!T13 | V14: ='AppB- Liquid or Multiphase Calc'!Z13 | AE14: ='AppB- Liquid or Multiphase Calc'!AF13
C15: ='AppB- Liquid or Multiphase Calc'!C16 -> Nominal Pipe Diameter (mm) | M15: ='AppB- Liquid or Multiphase Calc'!T16 -> 200 | V15: ='AppB- Liquid or Multiphase Calc'!Z16 -> 200 | AE15: ='AppB- Liquid or Multiphase Calc'!AF16 -> 200
C16: ='AppB- Liquid or Multiphase Calc'!C29 -> Valve Type | M16: ='AppB- Liquid or Multiphase Calc'!T29 -> Butterfly | V16: ='AppB- Liquid or Multiphase Calc'!Z29 -> Gate | AE16: ='AppB- Liquid or Multiphase Calc'!AF29 -> Globe
C17: ='AppB- Liquid or Multiphase Calc'!C24 -> Valve Closing Time (sec) | M17: ='AppB- Liquid or Multiphase Calc'!T24 -> 8 | V17: ='AppB- Liquid or Multiphase Calc'!Z24 -> 8 | AE17: ='AppB- Liquid or Multiphase Calc'!AF24 -> 8
C18: ='AppB- Liquid or Multiphase Calc'!C33 -> Support type | M18: ='AppB- Liquid or Multiphase Calc'!T33 -> Medium Stiff | V18: ='AppB- Liquid or Multiphase Calc'!Z33 -> Medium Stiff | AE18: ='AppB- Liquid or Multiphase Calc'!AF33 -> Medium Stiff
C19: ='AppB- Liquid or Multiphase Calc'!C30 -> Is the Valve downstream of a pump | M19: ='AppB- Liquid or Multiphase Calc'!T30 -> Yes | V19: ='AppB- Liquid or Multiphase Calc'!Z30 -> Yes | AE19: ='AppB- Liquid or Multiphase Calc'!AF30 -> No
C21: Results
C22: Maximum force (kN) Fmax | M22: ='AppB- Liquid or Multiphase Calc'!T42 -> 152.13616 | V22: ='AppB- Liquid or Multiphase Calc'!Z42 -> 152.15977 | AE22: ='AppB- Liquid or Multiphase Calc'!AF42 -> 152.15977
C23: Peak pressure surge (Pa) Psurge | M23: ='AppB- Liquid or Multiphase Calc'!T45 -> 19474.881 | V23: ='AppB- Liquid or Multiphase Calc'!Z45 -> 30643.785 | AE23: ='AppB- Liquid or Multiphase Calc'!AF45 -> 24935.531
C24: Taking into account shut-in of pump Ptotal (Pa) | M24: ='AppB- Liquid or Multiphase Calc'!T46 -> 18469475 | V24: ='AppB- Liquid or Multiphase Calc'!Z46 -> 18480644 | AE24: ='AppB- Liquid or Multiphase Calc'!AF46 -> -
C26: Maximum force (kN) Fmax | M26: ='AppB- Liquid or Multiphase Calc'!T47 -> 0.65160451 | V26: ='AppB- Liquid or Multiphase Calc'!Z47 -> 0.76127572 | AE26: ='AppB- Liquid or Multiphase Calc'!AF47 -> 0.61946704
C27: Limit force (kN) Flim | M27: ='AppB- Liquid or Multiphase Calc'!T49 -> 6.4464187 | V27: ='AppB- Liquid or Multiphase Calc'!Z49 -> 17.495151 | AE27: ='AppB- Liquid or Multiphase Calc'!AF49 -> 17.495151
C28: ='AppB- Liquid or Multiphase Calc'!C50 -> Likelihood of Failure (L.O.F.) | M28: ='AppB- Liquid or Multiphase Calc'!T50 -> 0.10108008 | V28: ='AppB- Liquid or Multiphase Calc'!Z50 -> 0.043513528 | AE28: ='AppB- Liquid or Multiphase Calc'!AF50 -> 0.035407928
B49: =disclaimer -> This Calculation represents the work of Worley performed to recognized engineering principles and practices appropriate for the terms of reference provided by Worley contractual Customer. This Calculation is confidential and prepared solely for the use of the Customer. The contents of this Calculation may not be disclosed to or relied upon by any party other than the Customer, and neither Worley, its subconsultants nor their respective employees assume any liability for any reason, including, but not limited to, negligence, to any other party for any information or representation herein.

Sheet P13-Valve open Liquid multiphas
B1: Calculation Sheet
B2: Customer | I2: =customer -> customer name | AA2: ='Cover Sheet'!G2 -> Proj No | AE2: =Proj_No -> proj no
B3: Project Title | I3: =proj_title -> proj title | AA3: ='Cover Sheet'!G3 -> Calc No | AE3: =Calc_No -> KS-PR-CAL-0090
B4: Calculation Title | I4: =calc_title -> Vibration Assessment - Surge and Momentum Changes Template | AA4: Phase/CTR | AE4: =Phase_CTR -> phase
B5: Elec File Location | I5: =elec_file -> https://worleyparsons-my.sharepoint.com/personal/priyanka_verma_worley_com/Documents/Phase 2 QC2 Document Folder/KS/Calculations KS/Compare/KS-PR-CAL-0090 Vibration Assessment - Surge and Momentum Changes Template.xlsx
AD6: Page | AG6: 13 | AJ6: of | AL6: =num_pages -> 13
B7: Rev | D7: Date | G7: By | K7: Checked | O7: Rev | Q7: Date | T7: By | X7: Checked | AB7: Rev | AD7: Date | AG7: By | AK7: Checked
A8: The objective of this calculation is to determine the main line likelihood of failure (LOF) for vibration induced fatigue due to surge/momentum changes due to valve operation for…. | B8: =_rev1 -> rev 1 | D8: =date1 -> date 1 | G8: =orig1 -> by 1 | K8: =_chk1 -> chkd 1 | O8: =_rev2 -> rev 2 | Q8: =date2 -> date 2 | T8: =orig2 -> by 2 | X8: =_chk2 -> chkd 2 | AB8: =_rev3 -> rev 3 | AD8: =date3 -> date 3 | AG8: =orig3 -> by 3 | AK8: =_chk3 -> chkd 3
C10: =ToC!F24 -> 6.3 | F10: =ToC!H24 -> Case Summary Liquid or Multiphase Rapid Valve Opening
M12: ='APPC- Liquid or Multiphase Open'!T12 -> CASE VII | V12: ='APPC- Liquid or Multiphase Open'!Z12 -> CASE VIII | AE12: ='APPC- Liquid or Multiphase Open'!AF12 -> CASE IX
C13: Input Data
C14: ='APPC- Liquid or Multiphase Open'!C14 -> Line/Unit Number | M14: ='APPC- Liquid or Multiphase Open'!T14 | V14: ='APPC- Liquid or Multiphase Open'!Z14 | AE14: ='APPC- Liquid or Multiphase Open'!AF14
C15: ='APPC- Liquid or Multiphase Open'!C18:S18 -> Nominal Pipe Diameter (mm) | M15: ='APPC- Liquid or Multiphase Open'!T18 -> 80 | V15: ='APPC- Liquid or Multiphase Open'!Z18 -> 80 | AE15: ='APPC- Liquid or Multiphase Open'!AF18 -> 80
C16: ='APPC- Liquid or Multiphase Open'!C26 -> Support Type | M16: ='APPC- Liquid or Multiphase Open'!T26 -> Medium | V16: ='APPC- Liquid or Multiphase Open'!Z26 -> Medium | AE16: ='APPC- Liquid or Multiphase Open'!AF26 -> Medium
C17: Results
C18: Peak Force (kN) Fmax | M18: ='APPC- Liquid or Multiphase Open'!T30 -> 10.793625 | V18: ='APPC- Liquid or Multiphase Open'!Z30 -> 10.793625 | AE18: ='APPC- Liquid or Multiphase Open'!AF30 -> 10.793625
C19: Limit Force (kN) Flim | M19: ='APPC- Liquid or Multiphase Open'!T32 -> 0.3015506 | V19: ='APPC- Liquid or Multiphase Open'!Z32 -> 0.3015506 | AE19: ='APPC- Liquid or Multiphase Open'!AF32 -> 0.3015506
C20: ='APPC- Liquid or Multiphase Open'!C33 -> Likelihood of Failure (L.O.F.) | M20: ='APPC- Liquid or Multiphase Open'!T33 -> 35.793743 | V20: ='APPC- Liquid or Multiphase Open'!Z33 -> 35.793743 | AE20: ='APPC- Liquid or Multiphase Open'!AF33 -> 35.793743
B65: =disclaimer -> This Calculation represents the work of Worley performed to recognized engineering principles and practices appropriate for the terms of reference provided by Worley contractual Customer. This Calculation is confidential and prepared solely for the use of the Customer. The contents of this Calculation may not be disclosed to or relied upon by any party other than the Customer, and neither Worley, its subconsultants nor their respective employees assume any liability for any reason, including, but not limited to, negligence, to any other party for any information or representation herein.

Sheet AppA
B1: Appendix
B2: Customer | I2: =customer -> customer name | AA2: ='Cover Sheet'!G2 -> Proj No | AE2: =Proj_No -> proj no
B3: Project Title | I3: =proj_title -> proj title | AA3: ='Cover Sheet'!G3 -> Calc No | AE3: =Calc_No -> KS-PR-CAL-0090
B4: Calculation Title | I4: =calc_title -> Vibration Assessment - Surge and Momentum Changes Template | AA4: Phase/CTR | AE4: =Phase_CTR -> phase
B5: Elec File Location | I5: =elec_file -> https://worleyparsons-my.sharepoint.com/personal/priyanka_verma_worley_com/Documents/Phase 2 QC2 Document Folder/KS/Calculations KS/Compare/KS-PR-CAL-0090 Vibration Assessment - Surge and Momentum Changes Template.xlsx
AG6: Appendix | AL6: A
B7: Rev | D7: Date | G7: By | K7: Checked | O7: Rev | Q7: Date | T7: By | X7: Checked | AB7: Rev | AD7: Date | AG7: By | AK7: Checked
B8: =_rev1 -> rev 1 | D8: =date1 -> date 1 | G8: =orig1 -> by 1 | K8: =_chk1 -> chkd 1 | O8: =_rev2 -> rev 2 | Q8: =date2 -> date 2 | T8: =orig2 -> by 2 | X8: =_chk2 -> chkd 2 | AB8: =_rev3 -> rev 3 | AD8: =date3 -> date 3 | AG8: =orig3 -> by 3 | AK8: =_chk3 -> chkd 3
B12: ="Appendix "&AL6 -> Appendix A
B13: =VLOOKUP(AL6,ToC!F30:AJ51,3) -> APPENDIX - A Dry Gas Rapid Valve Opening
S14: =VLOOKUP(AL6,ToC!F30:AJ51,29) -> 1 | U14: =IF(S14=1," Page"," Pages") -> Page
B51: =disclaimer -> This Calculation represents the work of Worley performed to recognized engineering principles and practices appropriate for the terms of reference provided by Worley contractual Customer. This Calculation is confidential and prepared solely for the use of the Customer. The contents of this Calculation may not be disclosed to or relied upon by any party other than the Customer, and neither Worley, its subconsultants nor their respective employees assume any liability for any reason, including, but not limited to, negligence, to any other party for any information or representation herein.

Sheet App A- Dry Gas Calc 
B1: Calculation Sheet
B2: Customer | I2: =customer -> customer name | AA2: ='Cover Sheet'!G2 -> Proj No | AE2: =Proj_No -> proj no
B3: Project Title | I3: =proj_title -> proj title | AA3: ='Cover Sheet'!G3 -> Calc No | AE3: =Calc_No -> KS-PR-CAL-0090
B4: Calculation Title | I4: =calc_title -> Vibration Assessment - Surge and Momentum Changes Template | AA4: Phase/CTR | AE4: =Phase_CTR -> phase
B5: Elec File Location | I5: =elec_file -> https://worleyparsons-my.sharepoint.com/personal/priyanka_verma_worley_com/Documents/Phase 2 QC2 Document Folder/KS/Calculations KS/Compare/KS-PR-CAL-0090 Vibration Assessment - Surge and Momentum Changes Template.xlsx
AD6: Page | AG6: 1 | AJ6: of | AL6: =AppA!S14 -> 1
B7: Rev | D7: Date | G7: By | K7: Checked | O7: Rev | Q7: Date | T7: By | X7: Checked | AB7: Rev | AD7: Date | AG7: By | AK7: Checked
A8: The objective of this calculation is to determine the main line likelihood of failure (LOF) for vibration induced fatigue due to surge/momentum changes due to valve operation for…. | B8: =_rev1 -> rev 1 | D8: =date1 -> date 1 | G8: =orig1 -> by 1 | K8: =_chk1 -> chkd 1 | O8: =_rev2 -> rev 2 | Q8: =date2 -> date 2 | T8: =orig2 -> by 2 | X8: =_chk2 -> chkd 2 | AB8: =_rev3 -> rev 3 | AD8: =date3 -> date 3 | AG8: =orig3 -> by 3 | AK8: =_chk3 -> chkd 3
B10: APPENDIX - A Dry Gas Rapid Valve Opening
T12: CASE I | Z12: CASE II | AF12: CASE III
C13: Input Data
C14: Line/Unit Number
C15: Mass Flow Rate (Kg/s) W | T15: 14.86 | Z15: 14.86 | AF15: 14.86
C16: Ratio of Specific Heat Capacities (Cp/Cv) ϒ | T16: 1.33 | Z16: 1.33 | AF16: 1.33
C17: Upstream Temperature (K) Te | T17: 410 | Z17: 410 | AF17: 410
C18: Molecular Weight (g/mol), mW | T18: 21.75 | Z18: 21.75 | AF18: 21.75
C19: Nominal Pipe Diameter (mm) | T19: 100 | Z19: 100 | AF19: 100
C20: Pipe Schedule | T20: Std | Z20: Sch 40 | AF20: Sch 80
C21: External Main Line Diameter (mm) Dext | T21: =IF(T20="Manual Input","-",INDEX($AT$25:$AU$57,MATCH(T19,$AT$25:$AT$57,0),2)) -> 114.3 | Z21: =IF(Z20="Manual Input","-",INDEX($AT$25:$AU$57,MATCH(Z19,$AT$25:$AT$57,0),2)) -> 114.3 | AF21: =IF(AF20="Manual Input","-",INDEX($AT$25:$AU$57,MATCH(AF19,$AT$25:$AT$57,0),2)) -> 114.3
C22: Actual Pipe Wall Thickness (mm) T | T22: =IF(T20="manual Input","-",((INDEX($AV$25:$CK$57, MATCH(T19, $AT$25:$AT$57,0), MATCH(T20,$AV$22:$CK$22, 0)+1))*25.4)) -> 6.0198 | Z22: =IF(Z20="manual Input","-",((INDEX($AV$25:$CK$57, MATCH(Z19, $AT$25:$AT$57,0), MATCH(Z20,$AV$22:$CK$22, 0)+1))*25.4)) -> 6.0198 | AF22: =IF(AF20="manual Input","-",((INDEX($AV$25:$CK$57, MATCH(AF19, $AT$25:$AT$57,0), MATCH(AF20,$AV$22:$CK$22, 0)+1))*25.4)) -> 8.5598 | AR22: Ref | AT22: Size mm | AV22: Sch 5 | AY22: Sch 10 | BB22: Sch 20 | BE22: Sch 30 | BH22: Sch 40 | BK22: Sch 60 | BN22: Sch 80 | BQ22: Sch 100 | BT22: Sch 120 | BW22: Sch 140 | BZ22: Sch 160 | CC22: STD | CF22: XS | CI22: XXS
C23: Manually Enter External Main Line Diameter Dext (mm)
C24: Manually Enter Actual Pipe Wall Thickness (mm) T | AR24: 1 | AT24: Manual Input | AU24: OD | AV24: SCH | AW24: W.T. | AX24: I.D. | AY24: SCH | AZ24: W.T. | BA24: I.D. | BB24: SCH | BC24: W.T. | BD24: I.D. | BE24: SCH | BF24: W.T. | BG24: I.D. | BH24: SCH | BI24: W.T. | BJ24: I.D. | BK24: SCH | BL24: W.T. | BM24: I.D. | BN24: SCH | BO24: W.T. | BP24: I.D. | BQ24: SCH | BR24: W.T. | BS24: I.D. | BT24: SCH | BU24: W.T. | BV24: I.D. | BW24: SCH | BX24: W.T. | BY24: I.D. | BZ24: SCH | CA24: W.T. | CB24: I.D. | CC24: SCH | CD24: W.T. | CE24: I.D. | CF24: SCH | CG24: W.T. | CH24: I.D. | CI24: SCH | CJ24: W.T. | CK24: I.D.
C25: Internal Main Line Diameter (mm) Dint | T25: =IF(T20="Manual Input",(T23-(2*T24)),(T21-(2*T22))) -> 102.2604 | Z25: =IF(Z20="Manual Input",(Z23-(2*Z24)),(Z21-(2*Z22))) -> 102.2604 | AF25: =IF(AF20="Manual Input",(AF23-(2*AF24)),(AF21-(2*AF22))) -> 97.1804 | AR25: 4 | AT25: 10 | AU25: 17.15 | AY25: Sch 10 | AZ25: 0.065 | BA25: 0.545 | BH25: Sch 40 | BI25: 0.091 | BJ25: 0.493 | BN25: Sch 80 | BO25: 0.126 | BP25: 0.425 | CC25: STD | CD25: 0.091 | CE25: 0.493 | CF25: XS | CG25: 0.126 | CH25: 0.423
C26: Schedule 40 Pipe Wall Thickness (mm) | T26: =(INDEX($AT$25:$BI$57,MATCH(T19,$AT$25:$AT$57,0),16))*25.4 -> 6.0198 | Z26: =(INDEX($AT$25:$BI$57,MATCH(Z19,$AT$25:$AT$57,0),16))*25.4 -> 6.0198 | AF26: =(INDEX($AT$25:$BI$57,MATCH(AF19,$AT$25:$AT$57,0),16))*25.4 -> 6.0198 | AR26: 5 | AT26: 15 | AU26: 21.34 | AY26: Sch 10 | AZ26: 0.065 | BA26: 0.674 | BH26: Sch 40 | BI26: 0.109 | BJ26: 0.622 | BN26: Sch 80 | BO26: 0.147 | BP26: 0.546 | BZ26: Sch 160 | CA26: 0.188 | CB26: 0.464 | CC26: STD | CD26: 0.109 | CE26: 0.622 | CF26: XS | CG26: 0.147 | CH26: 0.546 | CI26: XXS | CJ26: 0.294 | CK26: 0.252
C27: Support Type | T27: Medium Stiff | Z27: Medium Stiff | AF27: Medium Stiff | AO27: =IF(Z20="manual input","",(VLOOKUP(Z20,AT25:AU57,2))) -> #N/A | AR27: 6 | AT27: 20 | AU27: 26.67 | AV27: Sch 5 | AW27: 0.065 | AX27: 0.92 | AY27: Sch 10 | AZ27: 0.083 | BA27: 0.884 | BH27: Sch 40 | BI27: 0.113 | BJ27: 0.824 | BN27: Sch 80 | BO27: 0.154 | BP27: 0.742 | BZ27: Sch 160 | CA27: 0.219 | CB27: 0.612 | CC27: STD | CD27: 0.113 | CE27: 0.824 | CF27: XS | CG27: 0.154 | CH27: 0.742 | CI27: XXS | CJ27: 0.308 | CK27: 0.434
C28: Support Correction Factor θ | T28: =IF(T27="user input","",INDEX($AO$33:$AP$36,MATCH(T27,$AP$33:$AP$36,0),1)) -> 2 | Z28: =IF(Z27="user input","",INDEX($AO$33:$AP$36,MATCH(Z27,$AP$33:$AP$36,0),1)) -> 2 | AF28: =IF(AF27="user input","",INDEX($AO$33:$AP$36,MATCH(AF27,$AP$33:$AP$36,0),1)) -> 2 | AR28: 7 | AT28: 25 | AU28: 33.4 | AV28: Sch 5 | AW28: 0.065 | AX28: 1.185 | AY28: Sch 10 | AZ28: 0.109 | BA28: 1.097 | BH28: Sch 40 | BI28: 0.133 | BJ28: 1.049 | BN28: Sch 80 | BO28: 0.179 | BP28: 0.957 | BZ28: Sch 160 | CA28: 0.25 | CB28: 0.815 | CC28: STD | CD28: 0.133 | CE28: 1.049 | CF28: XS | CG28: 0.179 | CH28: 0.957 | CI28: XXS | CJ28: 0.358 | CK28: 0.599
C29: Input Check | T29: =IF(T25<0,"Input Error: Invalid Pipe Wall Thickness",IF(T22=0,"Input Error: Invalid Pipe Schedule","Inputs Ok")) -> Inputs Ok | Z29: =IF(Z25<0,"Input Error: Invalid Pipe Wall Thickness",IF(Z22=0,"Input Error: Invalid Pipe Schedule","Inputs Ok")) -> Inputs Ok | AF29: =IF(AF25<0,"Input Error: Invalid Pipe Wall Thickness",IF(AF22=0,"Input Error: Invalid Pipe Schedule","Inputs Ok")) -> Inputs Ok | AR29: 8 | AT29: 32 | AU29: 42.16 | AV29: Sch 5 | AW29: 0.065 | AX29: 1.53 | AY29: Sch 10 | AZ29: 0.109 | BA29: 1.442 | BH29: Sch 40 | BI29: 0.14 | BJ29: 1.38 | BN29: Sch 80 | BO29: 0.191 | BP29: 1.278 | BZ29: Sch 160 | CA29: 0.25 | CB29: 1.16 | CC29: STD | CD29: 0.14 | CE29: 1.38 | CF29: XS | CG29: 0.191 | CH29: 1.278 | CI29: XXS | CJ29: 0.382 | CK29: 0.896
C30: Calculation | AR30: 9 | AT30: 40 | AU30: 48.26 | AV30: Sch 5 | AW30: 0.065 | AX30: 1.77 | AY30: Sch 10 | AZ30: 0.109 | BA30: 1.682 | BH30: Sch 40 | BI30: 0.145 | BJ30: 1.61 | BN30: Sch 80 | BO30: 0.2 | BP30: 1.5 | BZ30: Sch 160 | CA30: 0.281 | CB30: 1.338 | CC30: STD | CD30: 0.145 | CE30: 1.61 | CF30: XS | CG30: 0.2 | CH30: 1.5 | CI30: XXS | CJ30: 0.4 | CK30: 1.1
C31: Peak Force (kN) Fmax | T31: =IF(T29="Inputs Ok",(T15/1000)*(((2*T16*8314*T17)/((T16+1)*T18))^0.5),"-") -> 6.2856323 | Z31: =IF(Z29="Inputs Ok",(Z15/1000)*(((2*Z16*8314*Z17)/((Z16+1)*Z18))^0.5),"-") -> 6.2856323 | AF31: =IF(AF29="Inputs Ok",(AF15/1000)*(((2*AF16*8314*AF17)/((AF16+1)*AF18))^0.5),"-") -> 6.2856323 | AR31: 10 | AT31: 50 | AU31: 60.33 | AV31: 5 | AW31: 0.065 | AX31: 2.245 | AY31: Sch 10 | AZ31: 0.109 | BA31: 2.157 | BH31: 40 | BI31: 0.154 | BJ31: 2.067 | BN31: 80 | BO31: 0.218 | BP31: 1.939 | BZ31: 160 | CA31: 0.344 | CB31: 1.687 | CC31: STD | CD31: 0.154 | CE31: 2.067 | CF31: XS | CG31: 0.218 | CH31: 1.939 | CI31: XXS | CJ31: 0.436 | CK31: 1.503
C32: Thickness Ratio Ψ | T32: =IF(T29="Inputs OK",(IF(T20="Manual Input",(T24/T26),(T22/T26))),"-") -> 1 | Z32: =IF(Z29="Inputs OK",(IF(Z20="Manual Input",(Z24/Z26),(Z22/Z26))),"-") -> 1 | AF32: =IF(AF29="Inputs OK",(IF(AF20="Manual Input",(AF24/AF26),(AF22/AF26))),"-") -> 1.4219409 | AP32: User Input | AR32: 11 | AT32: 65 | AU32: 73.02 | AV32: Sch 5 | AW32: 0.083 | AX32: 2.709 | AY32: Sch 10 | AZ32: 0.12 | BA32: 2.635 | BH32: Sch 40 | BI32: 0.203 | BJ32: 2.469 | BN32: Sch 80 | BO32: 0.276 | BP32: 2.323 | BZ32: Sch 160 | CA32: 0.375 | CB32: 2.125 | CC32: STD | CD32: 0.203 | CE32: 2.469 | CF32: XS | CG32: 0.276 | CH32: 2.323 | CI32: XXS | CJ32: 0.552 | CK32: 1.771
C33: Limit Force (kN) Flim | T33: =IF(T29="Inputs OK",(IF(T20="Manual Input",((16.8*T32^3)-(1.81*T32^2)+(525*T32)+25.3)*T23*T28*PI()*((T25^2)/(4*10^9)),((16.8*T32^3)-(1.81*T32^2)+(525*T32)+25.3)*T21*T28*PI()*((T25^2)/(4*10^9)))),"-") -> 1.0613348 | Z33: =IF(Z29="Inputs OK",(IF(Z20="Manual Input",((16.8*Z32^3)-(1.81*Z32^2)+(525*Z32)+25.3)*Z23*Z28*PI()*((Z25^2)/(4*10^9)),((16.8*Z32^3)-(1.81*Z32^2)+(525*Z32)+25.3)*Z21*Z28*PI()*((Z25^2)/(4*10^9)))),"-") -> 1.0613348 | AF33: =IF(AF29="Inputs OK",(IF(AF20="Manual Input",((16.8*AF32^3)-(1.81*AF32^2)+(525*AF32)+25.3)*AF23*AF28*PI()*((AF25^2)/(4*10^9)),((16.8*AF32^3)-(1.81*AF32^2)+(525*AF32)+25.3)*AF21*AF28*PI()*((AF25^2)/(4*10^9)))),"-") -> 1.3843899 | AO33: 4 | AP33: Stiff | AR33: 12 | AT33: 80 | AU33: 88.9 | AV33: Sch 5 | AW33: 0.083 | AX33: 3.334 | AY33: Sch 10 | AZ33: 0.12 | BA33: 3.26 | BH33: Sch 40 | BI33: 0.216 | BJ33: 3.068 | BN33: Sch 80 | BO33: 0.3 | BP33: 2.9 | BZ33: Sch 160 | CA33: 0.438 | CB33: 2.624 | CC33: STD | CD33: 0.216 | CE33: 3.068 | CF33: XS | CG33: 0.3 | CH33: 2.9 | CI33: XXS | CJ33: 0.6 | CK33: 2.3
C34: Likelihood of Failure (L.O.F.) | T34: =IF(T29="Inputs Ok",(T31/T33),"Input Error") -> 5.9223844 | Z34: =IF(Z29="Inputs Ok",(Z31/Z33),"Input Error") -> 5.9223844 | AF34: =IF(AF29="Inputs Ok",(AF31/AF33),"Input Error") -> 4.5403627 | AO34: 2 | AP34: Medium Stiff | AR34: 13 | AT34: 90 | AU34: 101.6 | AV34: Sch 5 | AW34: 0.083 | AX34: 3.834 | AY34: Sch 10 | AZ34: 0.12 | BA34: 3.76 | BH34: Sch 40 | BI34: 0.226 | BJ34: 3.548 | BN34: Sch 80 | BO34: 0.318 | BP34: 3.364 | BZ34: Sch 160 | CC34: STD | CD34: 0.226 | CE34: 3.548 | CF34: XS | CG34: 0.318 | CH34: 3.364
AO35: 1 | AP35: Medium | AR35: 14 | AT35: 100 | AU35: 114.3 | AV35: Sch 5 | AW35: 0.083 | AX35: 4.334 | AY35: Sch 10 | AZ35: 0.12 | BA35: 4.26 | BH35: Sch 40 | BI35: 0.237 | BJ35: 4.026 | BN35: Sch 80 | BO35: 0.337 | BP35: 3.826 | BT35: Sch 120 | BU35: 0.438 | BV35: 3.624 | BZ35: Sch 160 | CA35: 0.531 | CB35: 3.438 | CC35: STD | CD35: 0.237 | CE35: 4.026 | CF35: XS | CG35: 0.337 | CH35: 3.826 | CI35: XXS | CJ35: 0.674 | CK35: 3.152
AO36: 0.5 | AP36: Flexible | AR36: 15 | AT36: 125 | AU36: 141.3 | AV36: Sch 5 | AW36: 0.109 | AX36: 5.345 | AY36: Sch 10 | AZ36: 0.134 | BA36: 5.295 | BH36: Sch 40 | BI36: 0.258 | BJ36: 5.047 | BN36: Sch 80 | BO36: 0.375 | BP36: 4.813 | BT36: Sch 120 | BU36: 0.5 | BV36: 4.563 | BZ36: Sch 160 | CA36: 0.625 | CB36: 4.313 | CC36: STD | CD36: 0.258 | CE36: 5.047 | CF36: XS | CG36: 0.375 | CH36: 4.813 | CI36: XXS | CJ36: 0.75 | CK36: 4.063
AR37: 16 | AT37: 150 | AU37: 168.3 | AV37: Sch 5 | AW37: 0.109 | AX37: 6.407 | AY37: Sch 10 | AZ37: 0.134 | BA37: 6.357 | BH37: Sch 40 | BI37: 0.28 | BJ37: 6.065 | BN37: Sch 80 | BO37: 0.432 | BP37: 5.761 | BT37: Sch 120 | BU37: 0.562 | BV37: 5.501 | BZ37: Sch 160 | CA37: 0.719 | CB37: 5.187 | CC37: STD | CD37: 0.28 | CE37: 6.065 | CF37: XS | CG37: 0.432 | CH37: 5.761 | CI37: XXS | CJ37: 0.864 | CK37: 4.897
AR38: 17 | AT38: 200 | AU38: 219.1 | AV38: Sch 5 | AW38: 0.109 | AX38: 8.407 | AY38: Sch 10 | AZ38: 0.148 | BA38: 8.329 | BB38: Sch 20 | BC38: 0.25 | BD38: 8.125 | BE38: Sch 30 | BF38: 0.277 | BG38: 8.071 | BH38: Sch 40 | BI38: 0.322 | BJ38: 7.981 | BK38: Sch 60 | BL38: 0.406 | BM38: 7.813 | BN38: Sch 80 | BO38: 0.5 | BP38: 7.625 | BQ38: Sch 100 | BR38: 0.594 | BS38: 7.437 | BT38: Sch 120 | BU38: 0.719 | BV38: 7.187 | BW38: Sch 140 | BX38: 0.812 | BY38: 7.001 | BZ38: Sch 160 | CA38: 0.906 | CB38: 6.813 | CC38: STD | CD38: 0.322 | CE38: 7.981 | CF38: XS | CG38: 0.5 | CH38: 7.625 | CI38: XXS | CJ38: 0.875 | CK38: 6.875
AR39: 18 | AT39: 250 | AU39: 273.05 | AV39: Sch 5 | AW39: 0.134 | AX39: 10.482 | AY39: Sch 10 | AZ39: 0.165 | BA39: 10.42 | BB39: Sch 20 | BC39: 0.25 | BD39: 10.25 | BE39: Sch 30 | BF39: 0.307 | BG39: 10.136 | BH39: Sch 40 | BI39: 0.365 | BJ39: 10.02 | BK39: Sch 60 | BL39: 0.5 | BM39: 9.75 | BN39: Sch 80 | BO39: 0.594 | BP39: 9.562 | BQ39: Sch 100 | BR39: 0.719 | BS39: 9.312 | BT39: Sch 120 | BU39: 0.844 | BV39: 9.062 | BW39: Sch 140 | BX39: 1 | BY39: 8.75 | BZ39: Sch 160 | CA39: 1.125 | CB39: 8.5 | CC39: STD | CD39: 0.365 | CE39: 10.02 | CF39: XS | CG39: 0.5 | CH39: 9.75 | CI39: XXS | CJ39: 1 | CK39: 8.75
AR40: 19 | AT40: 300 | AU40: 323.85 | AV40: Sch 5 | AW40: 0.156 | AX40: 12.438 | AY40: Sch 10 | AZ40: 0.18 | BA40: 12.39 | BB40: Sch 20 | BC40: 0.25 | BD40: 12.25 | BE40: Sch 30 | BF40: 0.33 | BG40: 12.09 | BH40: Sch 40 | BI40: 0.406 | BJ40: 11.938 | BK40: Sch 60 | BL40: 0.562 | BM40: 11.626 | BN40: Sch 80 | BO40: 0.688 | BP40: 11.374 | BQ40: Sch 100 | BR40: 0.844 | BS40: 11.062 | BT40: Sch 120 | BU40: 1 | BV40: 10.75 | BW40: Sch 140 | BX40: 1.125 | BY40: 10.5 | BZ40: Sch 160 | CA40: 1.312 | CB40: 10.126 | CC40: STD | CD40: 0.375 | CE40: 12 | CF40: XS | CG40: 0.5 | CH40: 11.75 | CI40: XXS | CJ40: 1 | CK40: 10.75
AR41: 20 | AT41: 350 | AU41: 355.6 | AV41: Sch 5 | AW41: 0.156 | AX41: 13.688 | AY41: Sch 10 | AZ41: 0.25 | BA41: 13.5 | BB41: Sch 20 | BC41: 0.312 | BD41: 13.376 | BE41: Sch 30 | BF41: 0.375 | BG41: 13.25 | BH41: Sch 40 | BI41: 0.438 | BJ41: 13.124 | BK41: Sch 60 | BL41: 0.594 | BM41: 12.812 | BN41: Sch 80 | BO41: 0.75 | BP41: 12.5 | BQ41: Sch 100 | BR41: 0.938 | BS41: 12.124 | BT41: Sch 120 | BU41: 1.094 | BV41: 11.812 | BW41: Sch 140 | BX41: 1.25 | BY41: 11.5 | BZ41: Sch 160 | CA41: 1.406 | CB41: 11.188 | CC41: STD | CD41: 0.375 | CE41: 13.25 | CF41: XS | CG41: 0.5 | CH41: 13
AR42: 22 | AT42: 450 | AU42: 457.2 | AV42: Sch 5 | AW42: 0.165 | AX42: 17.67 | AY42: Sch 10 | AZ42: 0.25 | BA42: 17.5 | BB42: Sch 20 | BC42: 0.312 | BD42: 17.376 | BE42: Sch 30 | BF42: 0.438 | BG42: 17.124 | BH42: Sch 40 | BI42: 0.562 | BJ42: 16.876 | BK42: Sch 60 | BL42: 0.75 | BM42: 16.5 | BN42: Sch 80 | BO42: 0.938 | BP42: 16.124 | BQ42: Sch 100 | BR42: 1.156 | BS42: 15.688 | BT42: Sch 120 | BU42: 1.375 | BV42: 15.25 | BW42: Sch 140 | BX42: 1.562 | BY42: 14.876 | BZ42: Sch 160 | CA42: 1.781 | CB42: 14.438 | CC42: STD | CD42: 0.375 | CE42: 17.25 | CF42: XS | CG42: 0.5 | CH42: 17
AR43: 23 | AT43: 500 | AU43: 508 | AV43: Sch 5 | AW43: 0.188 | AX43: 19.624 | AY43: Sch 10 | AZ43: 0.25 | BA43: 19.5 | BB43: Sch 20 | BC43: 0.375 | BD43: 19.25 | BE43: Sch 30 | BF43: 0.5 | BG43: 19 | BH43: Sch 40 | BI43: 0.594 | BJ43: 18.812 | BK43: Sch 60 | BL43: 0.812 | BM43: 18.376 | BN43: Sch 80 | BO43: 1.031 | BP43: 17.938 | BQ43: Sch 100 | BR43: 1.281 | BS43: 17.438 | BT43: Sch 120 | BU43: 1.5 | BV43: 17 | BW43: Sch 140 | BX43: 1.75 | BY43: 16.5 | BZ43: Sch 160 | CA43: 1.969 | CB43: 16.062 | CC43: STD | CD43: 0.375 | CE43: 19.25 | CF43: XS | CG43: 0.5 | CH43: 19
AR44: 24 | AT44: 550 | AU44: 558.8 | AV44: Sch 5 | AW44: 0.188 | AX44: 21.624 | AY44: Sch 10 | AZ44: 0.25 | BA44: 23.5 | BB44: Sch 20 | BC44: 0.375 | BD44: 21.25 | BE44: Sch 30 | BF44: 0.5 | BG44: 21 | BH44: Sch 40 | BK44: Sch 60 | BL44: 0.875 | BM44: 20.25 | BN44: Sch 80 | BO44: 1.125 | BP44: 19.75 | BQ44: Sch 100 | BR44: 1.375 | BS44: 19.25 | BT44: Sch 120 | BU44: 1.625 | BV44: 18.75 | BW44: Sch 140 | BX44: 1.875 | BY44: 20.125 | BZ44: Sch 160 | CA44: 2.125 | CB44: 17.75 | CC44: STD | CD44: 0.375 | CE44: 21.25 | CF44: XS | CG44: 0.5 | CH44: 21
AR45: 25 | AT45: 600 | AU45: 609.6 | AV45: Sch 5 | AW45: 0.218 | AX45: 23.564 | AY45: Sch 10 | AZ45: 0.25 | BA45: 23.5 | BB45: Sch 20 | BC45: 0.375 | BD45: 23.25 | BE45: Sch 30 | BF45: 0.562 | BG45: 22.876 | BH45: Sch 40 | BI45: 0.688 | BJ45: 22.624 | BK45: Sch 60 | BL45: 0.969 | BM45: 22.062 | BN45: Sch 80 | BO45: 1.219 | BP45: 21.562 | BQ45: Sch 100 | BR45: 1.531 | BS45: 20.938 | BT45: Sch 120 | BU45: 1.812 | BV45: 20.376 | BW45: Sch 140 | BX45: 2.062 | BY45: 19.876 | BZ45: Sch 160 | CA45: 2.344 | CB45: 19.312 | CC45: STD | CD45: 0.375 | CE45: 23.25 | CF45: XS | CG45: 0.5 | CH45: 23
AR46: 26 | AT46: 650 | AU46: 660.4 | AY46: Sch 10 | AZ46: 0.312 | BA46: 25.376 | BB46: Sch 20 | BC46: 0.5 | BD46: 25 | BE46: Sch 30 | CC46: STD | CD46: 0.375 | CE46: 25.25 | CF46: XS | CG46: 0.5 | CH46: 25
AR47: 27 | AT47: 700 | AU47: 711.2 | AY47: Sch 10 | AZ47: 0.312 | BA47: 27.376 | BB47: Sch 20 | BC47: 0.5 | BD47: 27 | BE47: Sch 30 | BF47: 0.625 | BG47: 26.75 | CC47: STD | CD47: 0.375 | CE47: 27.25 | CF47: XS | CG47: 0.5 | CH47: 27
AR48: 28 | AT48: 750 | AU48: 762 | AV48: Sch 5 | AW48: 0.25 | AX48: 29.5 | AY48: Sch 10 | AZ48: 0.312 | BA48: 29.376 | BB48: Sch 20 | BC48: 0.5 | BD48: 29 | BE48: Sch 30 | BF48: 0.625 | BG48: 28.75 | CC48: STD | CD48: 0.375 | CE48: 29.25 | CF48: XS | CG48: 0.5 | CH48: 29
AR49: 29 | AT49: 800 | AU49: 812.8 | AY49: Sch 10 | AZ49: 0.312 | BA49: 31.376 | BB49: Sch 20 | BC49: 0.5 | BD49: 31 | BE49: Sch 30 | BF49: 0.625 | BG49: 30.75 | BH49: Sch 40 | BI49: 0.688 | BJ49: 30.624 | CC49: STD | CD49: 0.375 | CE49: 31.25 | CF49: XS | CG49: 0.5 | CH49: 31
AR50: 30 | AT50: 850 | AU50: 863.6 | AY50: Sch 10 | AZ50: 0.312 | BA50: 33.376 | BB50: Sch 20 | BC50: 0.5 | BD50: 33 | BE50: Sch 30 | BF50: 0.625 | BG50: 32.75 | BH50: Sch 40 | BI50: 0.688 | BJ50: 32.624 | CC50: STD | CD50: 0.375 | CE50: 33.25 | CF50: XS | CG50: 0.5 | CH50: 33
AR51: 31 | AT51: 900 | AU51: 914.4 | AY51: Sch 10 | AZ51: 0.312 | BA51: 35.376 | BB51: Sch 20 | BC51: 0.5 | BD51: 35 | BE51: Sch 30 | BF51: 0.625 | BG51: 34.75 | BH51: Sch 40 | BI51: 0.75 | BJ51: 34.5 | CC51: STD | CD51: 0.375 | CE51: 35.25 | CF51: XS | CG51: 0.5 | CH51: 35
B52: =disclaimer -> This Calculation represents the work of Worley performed to recognized engineering principles and practices appropriate for the terms of reference provided by Worley contractual Customer. This Calculation is confidential and prepared solely for the use of the Customer. The contents of this Calculation may not be disclosed to or relied upon by any party other than the Customer, and neither Worley, its subconsultants nor their respective employees assume any liability for any reason, including, but not limited to, negligence, to any other party for any information or representation herein. | AR52: 32 | AT52: 950 | AU52: 965.2 | CC52: STD | CD52: 0.375 | CE52: 37.25 | CF52: XS | CG52: 0.5 | CH52: 37
AR53: 33 | AT53: 1000 | AU53: 1016 | CC53: STD | CD53: 0.375 | CE53: 39.25 | CF53: XS | CG53: 0.5 | CH53: 39
AR54: 34 | AT54: 1050 | AU54: 1066.8 | CC54: STD | CD54: 0.375 | CE54: 41.25 | CF54: XS | CG54: 0.5 | CH54: 41
AR55: 35 | AT55: 1100 | AU55: 1117.6 | CC55: STD | CD55: 0.375 | CE55: 43.25 | CF55: XS | CG55: 0.5 | CH55: 43
AR56: 36 | AT56: 1150 | AU56: 1168.4 | CC56: STD | CD56: 0.375 | CE56: 45.25 | CF56: XS | CG56: 0.5 | CH56: 45
AR57: 37 | AT57: 1200 | AU57: 1219.2 | CC57: STD | CD57: 0.375 | CE57: 47.25 | CF57: XS | CG57: 0.5 | CH57: 47
AW62: 1 | AX62: Manual Input | AY62: n/a
AW63: 2 | AX63: Sch 5 | AY63: 5
AW64: 3 | AX64: Sch 10 | AY64: 10
AW65: 4 | AX65: Sch 20 | AY65: 20
AW66: 5 | AX66: Sch 30 | AY66: 30
AW67: 6 | AX67: Sch 40 | AY67: 40
AW68: 7 | AX68: Sch 80 | AY68: 80
AW69: 8 | AX69: Sch 100 | AY69: 100
AW70: 9 | AX70: Sch 120 | AY70: 120
AW71: 10 | AX71: Sch 140 | AY71: 140
AW72: 11 | AX72: Sch 160 | AY72: 160
AW73: 12 | AX73: Std | AY73: STD
AW74: 13 | AX74: XS | AY74: XS
AW75: 14 | AX75: XXS | AY75: XXS

Sheet AppB
B1: Appendix
B2: Customer | I2: =customer -> customer name | AA2: ='Cover Sheet'!G2 -> Proj No | AE2: =Proj_No -> proj no
B3: Project Title | I3: =proj_title -> proj title | AA3: ='Cover Sheet'!G3 -> Calc No | AE3: =Calc_No -> KS-PR-CAL-0090
B4: Calculation Title | I4: =calc_title -> Vibration Assessment - Surge and Momentum Changes Template | AA4: Phase/CTR | AE4: =Phase_CTR -> phase
B5: Elec File Location | I5: =elec_file -> https://worleyparsons-my.sharepoint.com/personal/priyanka_verma_worley_com/Documents/Phase 2 QC2 Document Folder/KS/Calculations KS/Compare/KS-PR-CAL-0090 Vibration Assessment - Surge and Momentum Changes Template.xlsx
AG6: Appendix | AL6: B
B7: Rev | D7: Date | G7: By | K7: Checked | O7: Rev | Q7: Date | T7: By | X7: Checked | AB7: Rev | AD7: Date | AG7: By | AK7: Checked
B8: =_rev1 -> rev 1 | D8: =date1 -> date 1 | G8: =orig1 -> by 1 | K8: =_chk1 -> chkd 1 | O8: =_rev2 -> rev 2 | Q8: =date2 -> date 2 | T8: =orig2 -> by 2 | X8: =_chk2 -> chkd 2 | AB8: =_rev3 -> rev 3 | AD8: =date3 -> date 3 | AG8: =orig3 -> by 3 | AK8: =_chk3 -> chkd 3
B12: ="Appendix "&AL6 -> Appendix B
B13: =VLOOKUP(AL6,ToC!F30:AJ51,3) -> APPENDIX - B Liquid Multiphase Valve Closure
S14: =VLOOKUP(AL6,ToC!F30:AJ51,29) -> 1 | U14: =IF(S14=1," Page"," Pages") -> Page
B51: =disclaimer -> This Calculation represents the work of Worley performed to recognized engineering principles and practices appropriate for the terms of reference provided by Worley contractual Customer. This Calculation is confidential and prepared solely for the use of the Customer. The contents of this Calculation may not be disclosed to or relied upon by any party other than the Customer, and neither Worley, its subconsultants nor their respective employees assume any liability for any reason, including, but not limited to, negligence, to any other party for any information or representation herein.

Sheet AppB- Liquid or Multiphase Calc
B1: Calculation Sheet
B2: Customer | I2: =customer -> customer name | AA2: ='Cover Sheet'!G2 -> Proj No | AE2: =Proj_No -> proj no
B3: Project Title | I3: =proj_title -> proj title | AA3: ='Cover Sheet'!G3 -> Calc No | AE3: =Calc_No -> KS-PR-CAL-0090
B4: Calculation Title | I4: =calc_title -> Vibration Assessment - Surge and Momentum Changes Template | AA4: Phase/CTR | AE4: =Phase_CTR -> phase
B5: Elec File Location | I5: =elec_file -> https://worleyparsons-my.sharepoint.com/personal/priyanka_verma_worley_com/Documents/Phase 2 QC2 Document Folder/KS/Calculations KS/Compare/KS-PR-CAL-0090 Vibration Assessment - Surge and Momentum Changes Template.xlsx
AD6: Page | AG6: 1 | AJ6: of | AL6: =AppB!S14 -> 1
B7: Rev | D7: Date | G7: By | K7: Checked | O7: Rev | Q7: Date | T7: By | X7: Checked | AB7: Rev | AD7: Date | AG7: By | AK7: Checked
A8: The objective of this calculation is to determine the main line likelihood of failure (LOF) for vibration induced fatigue due to surge/momentum changes due to valve operation for…. | B8: =_rev1 -> rev 1 | D8: =date1 -> date 1 | G8: =orig1 -> by 1 | K8: =_chk1 -> chkd 1 | O8: =_rev2 -> rev 2 | Q8: =date2 -> date 2 | T8: =orig2 -> by 2 | X8: =_chk2 -> chkd 2 | AB8: =_rev3 -> rev 3 | AD8: =date3 -> date 3 | AG8: =orig3 -> by 3 | AK8: =_chk3 -> chkd 3
B9: APPENDIX - B Liquid Multiphase Valve Closure
T11: CASE IV | Z11: CASE V | AF11: CASE VI
C12: Inputs
C13: Line/Unit Number
C14: Fluid density (Kg/m3) ρ | T14: 1064.4 | Z14: 1064.4 | AF14: 1064.4
C15: Mass Flow Kg/s W | T15: 102.63 | Z15: 102.63 | AF15: 102.63
C16: Nominal Pipe Diameter (mm) | T16: 200 | Z16: 200 | AF16: 200
C17: Pipe Schedule | T17: Sch 20 | Z17: Sch 140 | AF17: Sch 140
C18: External Main Line Diameter (mm) Dex | T18: =IF(T17="Manual Input","-",INDEX($AT$24:$AU$57,MATCH(T16,$AT$24:$AT$57,0),2)) -> 219.1 | Z18: =IF(Z17="Manual Input","-",INDEX($AT$24:$AU$57,MATCH(Z16,$AT$24:$AT$57,0),2)) -> 219.1 | AF18: =IF(AF17="Manual Input","-",INDEX($AT$24:$AU$57,MATCH(AF16,$AT$24:$AT$57,0),2)) -> 219.1
C19: Actual Pipe Wall Thickness (mm) T | T19: =IF(T17="Manual Input","-",((INDEX($AV$24:$CK$57, MATCH(T16, $AT$24:$AT$57,0), MATCH(T17,$AV$21:$CK$21, 0)+1))*25.4)) -> 6.35 | Z19: =IF(Z17="Manual Input","-",((INDEX($AV$24:$CK$57, MATCH(Z16, $AT$24:$AT$57,0), MATCH(Z17,$AV$21:$CK$21, 0)+1))*25.4)) -> 20.6248 | AF19: =IF(AF17="Manual Input","-",((INDEX($AV$24:$CK$57, MATCH(AF16, $AT$24:$AT$57,0), MATCH(AF17,$AV$21:$CK$21, 0)+1))*25.4)) -> 20.6248
C20: Manually Enter External Main Line Diameter Dext (mm)
C21: Manually Enter Actual Pipe Wall Thickness (mm) T | AT21: Size mm | AV21: Sch 5 | AY21: Sch 10 | BB21: Sch 20 | BE21: Sch 30 | BH21: Sch 40 | BK21: Sch 60 | BN21: Sch 80 | BQ21: Sch 100 | BT21: Sch 120 | BW21: Sch 140 | BZ21: Sch 160 | CC21: STD | CF21: XS | CI21: XXS
C22: Internal Main Line Diameter (mm) Dint | T22: =IF(T17="Manual Input",(T20-(2*T21)),(T18-(2*T19))) -> 206.4 | Z22: =IF(Z17="Manual Input",(Z20-(2*Z21)),(Z18-(2*Z19))) -> 177.8504 | AF22: =IF(AF17="Manual Input",(AF20-(2*AF21)),(AF18-(2*AF19))) -> 177.8504
C23: Schedule 40 Pipe Wall Thickness (mm) | T23: =(INDEX($AT$22:$BI$67,MATCH(T16,$AT$22:$AT$67,0),16))*25.4 -> 8.1788 | Z23: =(INDEX($AT$22:$BI$67,MATCH(Z16,$AT$22:$AT$67,0),16))*25.4 -> 8.1788 | AF23: =(INDEX($AT$22:$BI$67,MATCH(AF16,$AT$22:$AT$67,0),16))*25.4 -> 8.1788 | AO23: Yes | AT23: Manual Input | AU23: OD | AV23: SCH | AW23: W.T. | AX23: I.D. | AY23: SCH | AZ23: W.T. | BA23: I.D. | BB23: SCH | BC23: W.T. | BD23: I.D. | BE23: SCH | BF23: W.T. | BG23: I.D. | BH23: SCH | BI23: W.T. | BJ23: I.D. | BK23: SCH | BL23: W.T. | BM23: I.D. | BN23: SCH | BO23: W.T. | BP23: I.D. | BQ23: SCH | BR23: W.T. | BS23: I.D. | BT23: SCH | BU23: W.T. | BV23: I.D. | BW23: SCH | BX23: W.T. | BY23: I.D. | BZ23: SCH | CA23: W.T. | CB23: I.D. | CC23: SCH | CD23: W.T. | CE23: I.D. | CF23: SCH | CG23: W.T. | CH23: I.D. | CI23: SCH | CJ23: W.T. | CK23: I.D.
C24: Valve Closing Time (sec) | T24: 8 | Z24: 8 | AF24: 8 | AO24: No | AT24: 10 | AU24: 17.15 | AY24: Sch 10 | AZ24: 0.065 | BA24: 0.545 | BH24: Sch 40 | BI24: 0.091 | BJ24: 0.493 | BN24: Sch 80 | BO24: 0.126 | BP24: 0.425 | CC24: STD | CD24: 0.091 | CE24: 0.493 | CF24: XS | CG24: 0.126 | CH24: 0.423
C25: Upstream static pressure (Pa) P1 | T25: 21950000 | Z25: 21950000 | AF25: 21950000 | AS25: Unkown | AT25: 15 | AU25: 21.34 | AY25: Sch 10 | AZ25: 0.065 | BA25: 0.674 | BH25: Sch 40 | BI25: 0.109 | BJ25: 0.622 | BN25: Sch 80 | BO25: 0.147 | BP25: 0.546 | BZ25: Sch 160 | CA25: 0.188 | CB25: 0.464 | CC25: STD | CD25: 0.109 | CE25: 0.622 | CF25: XS | CG25: 0.147 | CH25: 0.546 | CI25: XXS | CJ25: 0.294 | CK25: 0.252
C26: Fluid bulk modulus (N/m2) K | T26: =2.34*10^9 -> 2340000000 | Z26: =2.34*10^9 -> 2340000000 | AF26: =2.34*10^9 -> 2340000000 | AS26: full bore ball | AT26: 20 | AU26: 26.67 | AV26: Sch 5 | AW26: 0.065 | AX26: 0.92 | AY26: Sch 10 | AZ26: 0.083 | BA26: 0.884 | BH26: Sch 40 | BI26: 0.113 | BJ26: 0.824 | BN26: Sch 80 | BO26: 0.154 | BP26: 0.742 | BZ26: Sch 160 | CA26: 0.219 | CB26: 0.612 | CC26: STD | CD26: 0.113 | CE26: 0.824 | CF26: XS | CG26: 0.154 | CH26: 0.742 | CI26: XXS | CJ26: 0.308 | CK26: 0.434
C27: Young Modulus of the main line material (N/m2) Eml | T27: =18*10^10 -> 180000000000 | Z27: =18*10^10 -> 180000000000 | AF27: =18*10^10 -> 180000000000 | AS27: reduced bore ball | AT27: 25 | AU27: 33.4 | AV27: Sch 5 | AW27: 0.065 | AX27: 1.185 | AY27: Sch 10 | AZ27: 0.109 | BA27: 1.097 | BH27: Sch 40 | BI27: 0.133 | BJ27: 1.049 | BN27: Sch 80 | BO27: 0.179 | BP27: 0.957 | BZ27: Sch 160 | CA27: 0.25 | CB27: 0.815 | CC27: STD | CD27: 0.133 | CE27: 1.049 | CF27: XS | CG27: 0.179 | CH27: 0.957 | CI27: XXS | CJ27: 0.358 | CK27: 0.599
C28: Upstream pipe length (m) Lup | T28: 10 | Z28: 10 | AF28: 10 | AS28: Butterfly | AT28: 32 | AU28: 42.16 | AV28: Sch 5 | AW28: 0.065 | AX28: 1.53 | AY28: Sch 10 | AZ28: 0.109 | BA28: 1.442 | BH28: Sch 40 | BI28: 0.14 | BJ28: 1.38 | BN28: Sch 80 | BO28: 0.191 | BP28: 1.278 | BZ28: Sch 160 | CA28: 0.25 | CB28: 1.16 | CC28: STD | CD28: 0.14 | CE28: 1.38 | CF28: XS | CG28: 0.191 | CH28: 1.278 | CI28: XXS | CJ28: 0.382 | CK28: 0.896
C29: Valve Type | T29: Butterfly | Z29: Gate | AF29: Globe | AS29: Globe | AT29: 40 | AU29: 48.26 | AV29: Sch 5 | AW29: 0.065 | AX29: 1.77 | AY29: Sch 10 | AZ29: 0.109 | BA29: 1.682 | BH29: Sch 40 | BI29: 0.145 | BJ29: 1.61 | BN29: Sch 80 | BO29: 0.2 | BP29: 1.5 | BZ29: Sch 160 | CA29: 0.281 | CB29: 1.338 | CC29: STD | CD29: 0.145 | CE29: 1.61 | CF29: XS | CG29: 0.2 | CH29: 1.5 | CI29: XXS | CJ29: 0.4 | CK29: 1.1
C30: Is the Valve downstream of a pump | T30: Yes | Z30: Yes | AF30: No | AS30: Gate | AT30: 50 | AU30: 60.33 | AV30: Sch 5 | AW30: 0.065 | AX30: 2.245 | AY30: Sch 10 | AZ30: 0.109 | BA30: 2.157 | BH30: Sch 40 | BI30: 0.154 | BJ30: 2.067 | BN30: Sch 80 | BO30: 0.218 | BP30: 1.939 | BZ30: Sch 160 | CA30: 0.344 | CB30: 1.687 | CC30: STD | CD30: 0.154 | CE30: 2.067 | CF30: XS | CG30: 0.218 | CH30: 1.939 | CI30: XXS | CJ30: 0.436 | CK30: 1.503
C31: Design pressure of piping (Pa) Pdes | T31: 43100000 | Z31: 43100000 | AF31: 43100000 | AT31: 65 | AU31: 73.02 | AV31: Sch 5 | AW31: 0.083 | AX31: 2.709 | AY31: Sch 10 | AZ31: 0.12 | BA31: 2.635 | BH31: Sch 40 | BI31: 0.203 | BJ31: 2.469 | BN31: Sch 80 | BO31: 0.276 | BP31: 2.323 | BZ31: Sch 160 | CA31: 0.375 | CB31: 2.125 | CC31: STD | CD31: 0.203 | CE31: 2.469 | CF31: XS | CG31: 0.276 | CH31: 2.323 | CI31: XXS | CJ31: 0.552 | CK31: 1.771
C32: Pump Shut in pressure (Pa), Pshut-in | T32: 40400000 | Z32: 40400000 | AF32: 40400000 | AT32: 80 | AU32: 88.9 | AV32: Sch 5 | AW32: 0.083 | AX32: 3.334 | AY32: Sch 10 | AZ32: 0.12 | BA32: 3.26 | BH32: Sch 40 | BI32: 0.216 | BJ32: 3.068 | BN32: Sch 80 | BO32: 0.3 | BP32: 2.9 | BZ32: Sch 160 | CA32: 0.438 | CB32: 2.624 | CC32: STD | CD32: 0.216 | CE32: 3.068 | CF32: XS | CG32: 0.3 | CH32: 2.9 | CI32: XXS | CJ32: 0.6 | CK32: 2.3
C33: Support type | T33: Medium Stiff | Z33: Medium Stiff | AF33: Medium Stiff | AT33: 90 | AU33: 101.6 | AV33: Sch 5 | AW33: 0.083 | AX33: 3.834 | AY33: Sch 10 | AZ33: 0.12 | BA33: 3.76 | BH33: Sch 40 | BI33: 0.226 | BJ33: 3.548 | BN33: Sch 80 | BO33: 0.318 | BP33: 3.364 | BZ33: Sch 160 | CC33: STD | CD33: 0.226 | CE33: 3.548 | CF33: XS | CG33: 0.318 | CH33: 3.364
C34: θ | T34: =IF(T33="Stiff",4,IF(T33="Medium Stiff",2,IF(T33="Medium",1,IF(T33="Flexible",0.5,"")))) -> 2 | Z34: =IF(Z33="Stiff",4,IF(Z33="Medium Stiff",2,IF(Z33="Medium",1,IF(Z33="Flexible",0.5,"")))) -> 2 | AF34: =IF(AF33="Stiff",4,IF(AF33="Medium Stiff",2,IF(AF33="Medium",1,IF(AF33="Flexible",0.5,"")))) -> 2 | AT34: 100 | AU34: 114.3 | AV34: Sch 5 | AW34: 0.083 | AX34: 4.334 | AY34: Sch 10 | AZ34: 0.12 | BA34: 4.26 | BH34: Sch 40 | BI34: 0.237 | BJ34: 4.026 | BN34: Sch 80 | BO34: 0.337 | BP34: 3.826 | BT34: Sch 120 | BU34: 0.438 | BV34: 3.624 | BZ34: Sch 160 | CA34: 0.531 | CB34: 3.438 | CC34: STD | CD34: 0.237 | CE34: 4.026 | CF34: XS | CG34: 0.337 | CH34: 3.826 | CI34: XXS | CJ34: 0.674 | CK34: 3.152
C35: Input Check | T35: =IF(T32>T31,"Error Pump Shut-in exceeds piping design pressure",IF(T25>T31,"Error upstream pressure exceeds piping design pressure",IF(T22<0,"Input Error, Invalid Pipe Wall Thickness",IF(T19=0,"Input Error Invalid Pipe Schedule","Inputs Ok")))) -> Inputs Ok | Z35: =IF(Z32>Z31,"Error Pump Shut-in exceeds piping design pressure",IF(Z25>Z31,"Error upstream pressure exceeds piping design pressure",IF(Z22<0,"Input Error, Invalid Pipe Wall Thickness",IF(Z19=0,"Input Error Invalid Pipe Schedule","Inputs Ok")))) -> Inputs Ok | AF35: =IF(AF32>AF31,"Error Pump Shut-in exceeds piping design pressure",IF(AF25>AF31,"Error upstream pressure exceeds piping design pressure",IF(AF22<0,"Input Error, Invalid Pipe Wall Thickness",IF(AF19=0,"Input Error Invalid Pipe Schedule","Inputs Ok")))) -> Inputs Ok
AT36: 125 | AU36: 141.3 | AV36: Sch 5 | AW36: 0.109 | AX36: 5.345 | AY36: Sch 10 | AZ36: 0.134 | BA36: 5.295 | BH36: Sch 40 | BI36: 0.258 | BJ36: 5.047 | BN36: Sch 80 | BO36: 0.375 | BP36: 4.813 | BT36: Sch 120 | BU36: 0.5 | BV36: 4.563 | BZ36: Sch 160 | CA36: 0.625 | CB36: 4.313 | CC36: STD | CD36: 0.258 | CE36: 5.047 | CF36: XS | CG36: 0.375 | CH36: 4.813 | CI36: XXS | CJ36: 0.75 | CK36: 4.063
AT37: 150 | AU37: 168.3 | AV37: Sch 5 | AW37: 0.109 | AX37: 6.407 | AY37: Sch 10 | AZ37: 0.134 | BA37: 6.357 | BH37: Sch 40 | BI37: 0.28 | BJ37: 6.065 | BN37: Sch 80 | BO37: 0.432 | BP37: 5.761 | BT37: Sch 120 | BU37: 0.562 | BV37: 5.501 | BZ37: Sch 160 | CA37: 0.719 | CB37: 5.187 | CC37: STD | CD37: 0.28 | CE37: 6.065 | CF37: XS | CG37: 0.432 | CH37: 5.761 | CI37: XXS | CJ37: 0.864 | CK37: 4.897
C38: Calculation | AT38: 200 | AU38: 219.1 | AV38: Sch 5 | AW38: 0.109 | AX38: 8.407 | AY38: Sch 10 | AZ38: 0.148 | BA38: 8.329 | BB38: Sch 20 | BC38: 0.25 | BD38: 8.125 | BE38: Sch 30 | BF38: 0.277 | BG38: 8.071 | BH38: Sch 40 | BI38: 0.322 | BJ38: 7.981 | BK38: Sch 60 | BL38: 0.406 | BM38: 7.813 | BN38: Sch 80 | BO38: 0.5 | BP38: 7.625 | BQ38: Sch 100 | BR38: 0.594 | BS38: 7.437 | BT38: Sch 120 | BU38: 0.719 | BV38: 7.187 | BW38: Sch 140 | BX38: 0.812 | BY38: 7.001 | BZ38: Sch 160 | CA38: 0.906 | CB38: 6.813 | CC38: STD | CD38: 0.322 | CE38: 7.981 | CF38: XS | CG38: 0.5 | CH38: 7.625 | CI38: XXS | CJ38: 0.875 | CK38: 6.875
C39: Speed of sounds (m/s) c | T39: =IF(T35="Inputs Ok",(IF(T17="Manual Input",1/((T14*((1/T26)+(T20/(1000*T21*T27))))^0.5),1/((T14*((1/T26)+(T18/(1000*T19*T27))))^0.5))),"-") -> 1482.3751 | Z39: =IF(Z35="Inputs Ok",(IF(Z17="Manual Input",1/((Z14*((1/Z26)+(Z20/(1000*Z21*Z27))))^0.5),1/((Z14*((1/Z26)+(Z18/(1000*Z19*Z27))))^0.5))),"-") -> 1482.6052 | AF39: =IF(AF35="Inputs Ok",(IF(AF17="Manual Input",1/((AF14*((1/AF26)+(AF20/(1000*AF21*AF27))))^0.5),1/((AF14*((1/AF26)+(AF18/(1000*AF19*AF27))))^0.5))),"-") -> 1482.6052 | AT39: 250 | AU39: 273.05 | AV39: Sch 5 | AW39: 0.134 | AX39: 10.482 | AY39: Sch 10 | AZ39: 0.165 | BA39: 10.42 | BB39: Sch 20 | BC39: 0.25 | BD39: 10.25 | BE39: Sch 30 | BF39: 0.307 | BG39: 10.136 | BH39: Sch 40 | BI39: 0.365 | BJ39: 10.02 | BK39: Sch 60 | BL39: 0.5 | BM39: 9.75 | BN39: Sch 80 | BO39: 0.594 | BP39: 9.562 | BQ39: Sch 100 | BR39: 0.719 | BS39: 9.312 | BT39: Sch 120 | BU39: 0.844 | BV39: 9.062 | BW39: Sch 140 | BX39: 1 | BY39: 8.75 | BZ39: Sch 160 | CA39: 1.125 | CB39: 8.5 | CC39: STD | CD39: 0.365 | CE39: 10.02 | CF39: XS | CG39: 0.5 | CH39: 9.75 | CI39: XXS | CJ39: 1 | CK39: 8.75
C40: Velocity (m/s) v | T40: =IF(T35="Inputs Ok",((T15/T14)/((PI()/4)*((T22/1000)^2))),"-") -> 2.8817758 | Z40: =IF(Z35="Inputs Ok",((Z15/Z14)/((PI()/4)*((Z22/1000)^2))),"-") -> 3.8812346 | AF40: =IF(AF35="Inputs Ok",((AF15/AF14)/((PI()/4)*((AF22/1000)^2))),"-") -> 3.8812346 | AT40: 300 | AU40: 323.85 | AV40: Sch 5 | AW40: 0.156 | AX40: 12.438 | AY40: Sch 10 | AZ40: 0.18 | BA40: 12.39 | BB40: Sch 20 | BC40: 0.25 | BD40: 12.25 | BE40: Sch 30 | BF40: 0.33 | BG40: 12.09 | BH40: Sch 40 | BI40: 0.406 | BJ40: 11.938 | BK40: Sch 60 | BL40: 0.562 | BM40: 11.626 | BN40: Sch 80 | BO40: 0.688 | BP40: 11.374 | BQ40: Sch 100 | BR40: 0.844 | BS40: 11.062 | BT40: Sch 120 | BU40: 1 | BV40: 10.75 | BW40: Sch 140 | BX40: 1.125 | BY40: 10.5 | BZ40: Sch 160 | CA40: 1.312 | CB40: 10.126 | CC40: STD | CD40: 0.375 | CE40: 12 | CF40: XS | CG40: 0.5 | CH40: 11.75 | CI40: XXS | CJ40: 1 | CK40: 10.75
C41: Maximum pressure surge (Pa) Pmax | T41: =IF(T35="Inputs Ok",T14*T40*T39,"-") -> 4546981.4 | Z41: =IF(Z35="Inputs Ok",Z14*Z40*Z39,"-") -> 6124917.8 | AF41: =IF(AF35="Inputs Ok",AF14*AF40*AF39,"-") -> 6124917.8 | AT41: 350 | AU41: 355.6 | AV41: Sch 5 | AW41: 0.156 | AX41: 13.688 | AY41: Sch 10 | AZ41: 0.25 | BA41: 13.5 | BB41: Sch 20 | BC41: 0.312 | BD41: 13.376 | BE41: Sch 30 | BF41: 0.375 | BG41: 13.25 | BH41: Sch 40 | BI41: 0.438 | BJ41: 13.124 | BK41: Sch 60 | BL41: 0.594 | BM41: 12.812 | BN41: Sch 80 | BO41: 0.75 | BP41: 12.5 | BQ41: Sch 100 | BR41: 0.938 | BS41: 12.124 | BT41: Sch 120 | BU41: 1.094 | BV41: 11.812 | BW41: Sch 140 | BX41: 1.25 | BY41: 11.5 | BZ41: Sch 160 | CA41: 1.406 | CB41: 11.188 | CC41: STD | CD41: 0.375 | CE41: 13.25 | CF41: XS | CG41: 0.5 | CH41: 13
C42: Maximum force (kN) Fmax | T42: =IF(T35="Inputs Ok",(T14*T39*T40*PI()*((T22^2)/(4*10^9))),"-") -> 152.13616 | Z42: =IF(Z35="Inputs Ok",(Z14*Z39*Z40*PI()*((Z22^2)/(4*10^9))),"-") -> 152.15977 | AF42: =IF(AF35="Inputs Ok",(AF14*AF39*AF40*PI()*((AF22^2)/(4*10^9))),"-") -> 152.15977 | AT42: 450 | AU42: 457.2 | AV42: Sch 5 | AW42: 0.165 | AX42: 17.67 | AY42: Sch 10 | AZ42: 0.25 | BA42: 17.5 | BB42: Sch 20 | BC42: 0.312 | BD42: 17.376 | BE42: Sch 30 | BF42: 0.438 | BG42: 17.124 | BH42: Sch 40 | BI42: 0.562 | BJ42: 16.876 | BK42: Sch 60 | BL42: 0.75 | BM42: 16.5 | BN42: Sch 80 | BO42: 0.938 | BP42: 16.124 | BQ42: Sch 100 | BR42: 1.156 | BS42: 15.688 | BT42: Sch 120 | BU42: 1.375 | BV42: 15.25 | BW42: Sch 140 | BX42: 1.562 | BY42: 14.876 | BZ42: Sch 160 | CA42: 1.781 | CB42: 14.438 | CC42: STD | CD42: 0.375 | CE42: 17.25 | CF42: XS | CG42: 0.5 | CH42: 17
C43: φ (1/s) | T43: =IF(T35="Inputs Ok",(IF(T28>100,"-",IF(T42<1,"-",IF(T29="full bore ball",((-1.281/T24)-0.27),IF(T29="Reduced bore ball",((-1.268/T24)-0.362),IF(T29="Butterfly",((-2.877/T24)-0.275),IF(T29="Globe",((-2.266/T24)-0.32),IF(T29="Gate",((-3.41/T24)-0.315),0)))))))),"-") -> -0.634625 | Z43: =IF(Z35="Inputs Ok",(IF(Z28>100,"-",IF(Z42<1,"-",IF(Z29="full bore ball",((-1.281/Z24)-0.27),IF(Z29="Reduced bore ball",((-1.268/Z24)-0.362),IF(Z29="Butterfly",((-2.877/Z24)-0.275),IF(Z29="Globe",((-2.266/Z24)-0.32),IF(Z29="Gate",((-3.41/Z24)-0.315),0)))))))),"-") -> -0.74125 | AF43: =IF(AF35="Inputs Ok",(IF(AF28>100,"-",IF(AF42<1,"-",IF(AF29="full bore ball",((-1.281/AF24)-0.27),IF(AF29="Reduced bore ball",((-1.268/AF24)-0.362),IF(AF29="Butterfly",((-2.877/AF24)-0.275),IF(AF29="Globe",((-2.266/AF24)-0.32),IF(AF29="Gate",((-3.41/AF24)-0.315),0)))))))),"-") -> -0.60325 | AT43: 500 | AU43: 508 | AV43: Sch 5 | AW43: 0.188 | AX43: 19.624 | AY43: Sch 10 | AZ43: 0.25 | BA43: 19.5 | BB43: Sch 20 | BC43: 0.375 | BD43: 19.25 | BE43: Sch 30 | BF43: 0.5 | BG43: 19 | BH43: Sch 40 | BI43: 0.594 | BJ43: 18.812 | BK43: Sch 60 | BL43: 0.812 | BM43: 18.376 | BN43: Sch 80 | BO43: 1.031 | BP43: 17.938 | BQ43: Sch 100 | BR43: 1.281 | BS43: 17.438 | BT43: Sch 120 | BU43: 1.5 | BV43: 17 | BW43: Sch 140 | BX43: 1.75 | BY43: 16.5 | BZ43: Sch 160 | CA43: 1.969 | CB43: 16.062 | CC43: STD | CD43: 0.375 | CE43: 19.25 | CF43: XS | CG43: 0.5 | CH43: 19
C44: Ω | T44: =IF(T35="Inputs Ok",(IF(T28>100,"-",IF(T42<1,"-",(T14*T40*T28*T43)/T25))), "-") -> -0.00088684498 | Z44: =IF(Z35="Inputs Ok",(IF(Z28>100,"-",IF(Z42<1,"-",(Z14*Z40*Z28*Z43)/Z25))), "-") -> -0.0013950987 | AF44: =IF(AF35="Inputs Ok",(IF(AF28>100,"-",IF(AF42<1,"-",(AF14*AF40*AF28*AF43)/AF25))), "-") -> -0.0011353704 | AO44: 4 | AP44: Stiff | AT44: 550 | AU44: 558.8 | AV44: Sch 5 | AW44: 0.188 | AX44: 21.624 | AY44: Sch 10 | AZ44: 0.25 | BA44: 23.5 | BB44: Sch 20 | BC44: 0.375 | BD44: 21.25 | BE44: Sch 30 | BF44: 0.5 | BG44: 21 | BH44: Sch 40 | BK44: Sch 60 | BL44: 0.875 | BM44: 20.25 | BN44: Sch 80 | BO44: 1.125 | BP44: 19.75 | BQ44: Sch 100 | BR44: 1.375 | BS44: 19.25 | BT44: Sch 120 | BU44: 1.625 | BV44: 18.75 | BW44: Sch 140 | BX44: 1.875 | BY44: 20.125 | BZ44: Sch 160 | CA44: 2.125 | CB44: 17.75 | CC44: STD | CD44: 0.375 | CE44: 21.25 | CF44: XS | CG44: 0.5 | CH44: 21
C45: Peak pressure surge (Pa) Psurge | T45: =IF(T35="Inputs Ok",(IF(T28>100,"-",IF(T42<1,"-",T25*(((T44^2)/2)+(T44^2)*(((1/4)+(1/(T44^2)))^0.5))))),"-") -> 19474.881 | Z45: =IF(Z35="Inputs Ok",(IF(Z28>100,"-",IF(Z42<1,"-",Z25*(((Z44^2)/2)+(Z44^2)*(((1/4)+(1/(Z44^2)))^0.5))))),"-") -> 30643.785 | AF45: =IF(AF35="Inputs Ok",(IF(AF28>100,"-",IF(AF42<1,"-",AF25*(((AF44^2)/2)+(AF44^2)*(((1/4)+(1/(AF44^2)))^0.5))))),"-") -> 24935.531 | AO45: 2 | AP45: Medium Stiff | AT45: 600 | AU45: 609.6 | AV45: Sch 5 | AW45: 0.218 | AX45: 23.564 | AY45: Sch 10 | AZ45: 0.25 | BA45: 23.5 | BB45: Sch 20 | BC45: 0.375 | BD45: 23.25 | BE45: Sch 30 | BF45: 0.562 | BG45: 22.876 | BH45: Sch 40 | BI45: 0.688 | BJ45: 22.624 | BK45: Sch 60 | BL45: 0.969 | BM45: 22.062 | BN45: Sch 80 | BO45: 1.219 | BP45: 21.562 | BQ45: Sch 100 | BR45: 1.531 | BS45: 20.938 | BT45: Sch 120 | BU45: 1.812 | BV45: 20.376 | BW45: Sch 140 | BX45: 2.062 | BY45: 19.876 | BZ45: Sch 160 | CA45: 2.344 | CB45: 19.312 | CC45: STD | CD45: 0.375 | CE45: 23.25 | CF45: XS | CG45: 0.5 | CH45: 23
C46: Taking into account shut-in of pump Ptotal (Pa) | T46: =IF(T35="Inputs Ok",(IF(T28>100,"-",IF(T42<1,"-",IF(T30="Yes",(T45+T32-T25),("-"))))),"-") -> 18469475 | Z46: =IF(Z35="Inputs Ok",(IF(Z28>100,"-",IF(Z42<1,"-",IF(Z30="Yes",(Z45+Z32-Z25),("-"))))),"-") -> 18480644 | AF46: =IF(AF35="Inputs Ok",(IF(AF28>100,"-",IF(AF42<1,"-",IF(AF30="Yes",(AF45+AF32-AF25),("-"))))),"-") -> - | AO46: 1 | AP46: Medium | AT46: 650 | AU46: 660.4 | AY46: Sch 10 | AZ46: 0.312 | BA46: 25.376 | BB46: Sch 20 | BC46: 0.5 | BD46: 25 | BE46: Sch 30 | CC46: STD | CD46: 0.375 | CE46: 25.25 | CF46: XS | CG46: 0.5 | CH46: 25
C47: Maximum force (kN) Fmax | T47: =IF(T35="Inputs Ok",(IF(T28>100,"-",IF(T42<1,"-",IF(T30="No",((T45*PI()*((T22^2)/(4*10^9)))),IF(T46>T31,"-",((T45*PI()*((T22^2)/(4*10^9))))))))),"-") -> 0.65160451 | Z47: =IF(Z35="Inputs Ok",(IF(Z28>100,"-",IF(Z42<1,"-",IF(Z30="No",((Z45*PI()*((Z22^2)/(4*10^9)))),IF(Z46>Z31,"-",((Z45*PI()*((Z22^2)/(4*10^9))))))))),"-") -> 0.76127572 | AF47: =IF(AF35="Inputs Ok",(IF(AF28>100,"-",IF(AF42<1,"-",IF(AF30="No",((AF45*PI()*((AF22^2)/(4*10^9)))),IF(AF46>AF31,"-",((AF45*PI()*((AF22^2)/(4*10^9))))))))),"-") -> 0.61946704 | AO47: 0.5 | AP47: Flexible | AT47: 700 | AU47: 711.2 | AY47: Sch 10 | AZ47: 0.312 | BA47: 27.376 | BB47: Sch 20 | BC47: 0.5 | BD47: 27 | BE47: Sch 30 | BF47: 0.625 | BG47: 26.75 | CC47: STD | CD47: 0.375 | CE47: 27.25 | CF47: XS | CG47: 0.5 | CH47: 27
C48: Ψ | T48: =IF(T35="Inputs Ok",(IF(T28>100,"-",IF(T42<1,"-",IF(AND(T30="Yes",T46>T31),"-",IF(T17="Manual Input",(T21/T23),T19/T23))))),"-") -> 0.77639752 | Z48: =IF(Z35="Inputs Ok",(IF(Z28>100,"-",IF(Z42<1,"-",IF(AND(Z30="Yes",Z46>Z31),"-",IF(Z17="Manual Input",(Z21/Z23),Z19/Z23))))),"-") -> 2.5217391 | AF48: =IF(AF35="Inputs Ok",(IF(AF28>100,"-",IF(AF42<1,"-",IF(AND(AF30="Yes",AF46>AF31),"-",IF(AF17="Manual Input",(AF21/AF23),AF19/AF23))))),"-") -> 2.5217391 | AT48: 750 | AU48: 762 | AV48: Sch 5 | AW48: 0.25 | AX48: 29.5 | AY48: Sch 10 | AZ48: 0.312 | BA48: 29.376 | BB48: Sch 20 | BC48: 0.5 | BD48: 29 | BE48: Sch 30 | BF48: 0.625 | BG48: 28.75 | CC48: STD | CD48: 0.375 | CE48: 29.25 | CF48: XS | CG48: 0.5 | CH48: 29
C49: Limit force (kN) Flim | T49: =IF(T35="Inputs Ok",(IF(T28>100,"-",IF(T42<1,"-",IF(AND(T30="Yes",T46>T31),"-",IF(T17="Manual Input",((16.8*T48^3)-(1.81*T48^2)+(525*T48)+25.3)*T20*T34*PI()*((T22^2)/(4*10^9)),((16.8*T48^3)-(1.81*T48^2)+(525*T48)+25.3)*T18*T34*PI()*((T22^2)/(4*10^9))))))),"-") -> 6.4464187 | Z49: =IF(Z35="Inputs Ok",(IF(Z28>100,"-",IF(Z42<1,"-",IF(AND(Z30="Yes",Z46>Z31),"-",IF(Z17="Manual Input",((16.8*Z48^3)-(1.81*Z48^2)+(525*Z48)+25.3)*Z20*Z34*PI()*((Z22^2)/(4*10^9)),((16.8*Z48^3)-(1.81*Z48^2)+(525*Z48)+25.3)*Z18*Z34*PI()*((Z22^2)/(4*10^9))))))),"-") -> 17.495151 | AF49: =IF(AF35="Inputs Ok",(IF(AF28>100,"-",IF(AF42<1,"-",IF(AND(AF30="Yes",AF46>AF31),"-",IF(AF17="Manual Input",((16.8*AF48^3)-(1.81*AF48^2)+(525*AF48)+25.3)*AF20*AF34*PI()*((AF22^2)/(4*10^9)),((16.8*AF48^3)-(1.81*AF48^2)+(525*AF48)+25.3)*AF18*AF34*PI()*((AF22^2)/(4*10^9))))))),"-") -> 17.495151 | AT49: 800 | AU49: 812.8 | AY49: Sch 10 | AZ49: 0.312 | BA49: 31.376 | BB49: Sch 20 | BC49: 0.5 | BD49: 31 | BE49: Sch 30 | BF49: 0.625 | BG49: 30.75 | BH49: Sch 40 | BI49: 0.688 | BJ49: 30.624 | CC49: STD | CD49: 0.375 | CE49: 31.25 | CF49: XS | CG49: 0.5 | CH49: 31
C50: Likelihood of Failure (L.O.F.) | T50: =IF(T35="Inputs Ok",(IF(T28>100,"Lup>100m detailed surge analysis",IF(T42<1,"Fmax < 1 kN LOF=0.0",IF(AND(T30="Yes",T46>T31),"Ptotal>Pdes detailed surge analysis",T47/T49)))),"Input Error") -> 0.10108008 | Z50: =IF(Z35="Inputs Ok",(IF(Z28>100,"Lup>100m detailed surge analysis",IF(Z42<1,"Fmax < 1 kN LOF=0.0",IF(AND(Z30="Yes",Z46>Z31),"Ptotal>Pdes detailed surge analysis",Z47/Z49)))),"Input Error") -> 0.043513528 | AF50: =IF(AF35="Inputs Ok",(IF(AF28>100,"Lup>100m detailed surge analysis",IF(AF42<1,"Fmax < 1 kN LOF=0.0",IF(AND(AF30="Yes",AF46>AF31),"Ptotal>Pdes detailed surge analysis",AF47/AF49)))),"Input Error") -> 0.035407928 | AT50: 850 | AU50: 863.6 | AY50: Sch 10 | AZ50: 0.312 | BA50: 33.376 | BB50: Sch 20 | BC50: 0.5 | BD50: 33 | BE50: Sch 30 | BF50: 0.625 | BG50: 32.75 | BH50: Sch 40 | BI50: 0.688 | BJ50: 32.624 | CC50: STD | CD50: 0.375 | CE50: 33.25 | CF50: XS | CG50: 0.5 | CH50: 33
B51: =disclaimer -> This Calculation represents the work of Worley performed to recognized engineering principles and practices appropriate for the terms of reference provided by Worley contractual Customer. This Calculation is confidential and prepared solely for the use of the Customer. The contents of this Calculation may not be disclosed to or relied upon by any party other than the Customer, and neither Worley, its subconsultants nor their respective employees assume any liability for any reason, including, but not limited to, negligence, to any other party for any information or representation herein. | AT51: 900 | AU51: 914.4 | AY51: Sch 10 | AZ51: 0.312 | BA51: 35.376 | BB51: Sch 20 | BC51: 0.5 | BD51: 35 | BE51: Sch 30 | BF51: 0.625 | BG51: 34.75 | BH51: Sch 40 | BI51: 0.75 | BJ51: 34.5 | CC51: STD | CD51: 0.375 | CE51: 35.25 | CF51: XS | CG51: 0.5 | CH51: 35
AT52: 950 | AU52: 965.2 | CC52: STD | CD52: 0.375 | CE52: 37.25 | CF52: XS | CG52: 0.5 | CH52: 37
AT53: 1000 | AU53: 1016 | CC53: STD | CD53: 0.375 | CE53: 39.25 | CF53: XS | CG53: 0.5 | CH53: 39
AT54: 1050 | AU54: 1066.8 | CC54: STD | CD54: 0.375 | CE54: 41.25 | CF54: XS | CG54: 0.5 | CH54: 41
AT55: 1100 | AU55: 1117.6 | CC55: STD | CD55: 0.375 | CE55: 43.25 | CF55: XS | CG55: 0.5 | CH55: 43
AR56: =IF(AS25="Unkown",1,0) -> 1 | AT56: 1150 | AU56: 1168.4 | CC56: STD | CD56: 0.375 | CE56: 45.25 | CF56: XS | CG56: 0.5 | CH56: 45
AT57: 1200 | AU57: 1219.2 | CC57: STD | CD57: 0.375 | CE57: 47.25 | CF57: XS | CG57: 0.5 | CH57: 47
AX74: Manual Input
AX75: Sch 10
AW76: 4 | AX76: Sch 20 | AY76: 20
AW77: 5 | AX77: Sch 30 | AY77: 30
AW78: 6 | AX78: Sch 40 | AY78: 40
AW79: 7 | AX79: Sch 80 | AY79: 80
AW80: 8 | AX80: Sch 100 | AY80: 100
AW81: 9 | AX81: Sch 120 | AY81: 120
AW82: 10 | AX82: Sch 140 | AY82: 140
AW83: 11 | AX83: Sch 160 | AY83: 160
AW84: 12 | AX84: Std | AY84: STD
AW85: 13 | AX85: XS | AY85: XS
AW86: 14 | AX86: XXS | AY86: XXS

Sheet AppC
B1: Appendix
B2: Customer | I2: =customer -> customer name | AA2: ='Cover Sheet'!G2 -> Proj No | AE2: =Proj_No -> proj no
B3: Project Title | I3: =proj_title -> proj title | AA3: ='Cover Sheet'!G3 -> Calc No | AE3: =Calc_No -> KS-PR-CAL-0090
B4: Calculation Title | I4: =calc_title -> Vibration Assessment - Surge and Momentum Changes Template | AA4: Phase/CTR | AE4: =Phase_CTR -> phase
B5: Elec File Location | I5: =elec_file -> https://worleyparsons-my.sharepoint.com/personal/priyanka_verma_worley_com/Documents/Phase 2 QC2 Document Folder/KS/Calculations KS/Compare/KS-PR-CAL-0090 Vibration Assessment - Surge and Momentum Changes Template.xlsx
AG6: Appendix | AL6: C
B7: Rev | D7: Date | G7: By | K7: Checked | O7: Rev | Q7: Date | T7: By | X7: Checked | AB7: Rev | AD7: Date | AG7: By | AK7: Checked
B8: =_rev1 -> rev 1 | D8: =date1 -> date 1 | G8: =orig1 -> by 1 | K8: =_chk1 -> chkd 1 | O8: =_rev2 -> rev 2 | Q8: =date2 -> date 2 | T8: =orig2 -> by 2 | X8: =_chk2 -> chkd 2 | AB8: =_rev3 -> rev 3 | AD8: =date3 -> date 3 | AG8: =orig3 -> by 3 | AK8: =_chk3 -> chkd 3
B12: ="Appendix "&AL6 -> Appendix C
B13: =VLOOKUP(AL6,ToC!F30:AJ51,3) -> APPENDIX - C Liquid Multiphase Valve Opening
S14: =VLOOKUP(AL6,ToC!F30:AJ51,29) -> 1 | U14: =IF(S14=1," Page"," Pages") -> Page
B51: =disclaimer -> This Calculation represents the work of Worley performed to recognized engineering principles and practices appropriate for the terms of reference provided by Worley contractual Customer. This Calculation is confidential and prepared solely for the use of the Customer. The contents of this Calculation may not be disclosed to or relied upon by any party other than the Customer, and neither Worley, its subconsultants nor their respective employees assume any liability for any reason, including, but not limited to, negligence, to any other party for any information or representation herein.

Sheet APPC- Liquid or Multiphase Open
B1: Calculation Sheet
B2: Customer | I2: =customer -> customer name | AA2: ='Cover Sheet'!G2 -> Proj No | AE2: =Proj_No -> proj no
B3: Project Title | I3: =proj_title -> proj title | AA3: ='Cover Sheet'!G3 -> Calc No | AE3: =Calc_No -> KS-PR-CAL-0090
B4: Calculation Title | I4: =calc_title -> Vibration Assessment - Surge and Momentum Changes Template | AA4: Phase/CTR | AE4: =Phase_CTR -> phase
B5: Elec File Location | I5: =elec_file -> https://worleyparsons-my.sharepoint.com/personal/priyanka_verma_worley_com/Documents/Phase 2 QC2 Document Folder/KS/Calculations KS/Compare/KS-PR-CAL-0090 Vibration Assessment - Surge and Momentum Changes Template.xlsx
AD6: Page | AG6: 1 | AJ6: of | AL6: =AppC!S14 -> 1
B7: Rev | D7: Date | G7: By | K7: Checked | O7: Rev | Q7: Date | T7: By | X7: Checked | AB7: Rev | AD7: Date | AG7: By | AK7: Checked
A8: The objective of this calculation is to determine the main line likelihood of failure (LOF) for vibration induced fatigue due to surge/momentum changes due to valve operation for…. | B8: =_rev1 -> rev 1 | D8: =date1 -> date 1 | G8: =orig1 -> by 1 | K8: =_chk1 -> chkd 1 | O8: =_rev2 -> rev 2 | Q8: =date2 -> date 2 | T8: =orig2 -> by 2 | X8: =_chk2 -> chkd 2 | AB8: =_rev3 -> rev 3 | AD8: =date3 -> date 3 | AG8: =orig3 -> by 3 | AK8: =_chk3 -> chkd 3
AS9: ASME B36.10 - 2000 : Welded and Seamless Wrought Steel Pipe
B10: APP C - Liquid or Multiphase Valve Opening
T12: CASE VII | Z12: CASE VIII | AF12: CASE IX | AT12: Data For Line Sizing:
C13: Input Data
C14: Line/Unit Number
C15: Fluid Density (Kg/m3) ρ | T15: 1109 | Z15: 1109 | AF15: 1109
C16: Mass Flow Rate (Kg/s) W | T16: 30.8 | Z16: 30.8 | AF16: 30.8 | AT16: ASME B36.10 Table 1 - Dimensions and Weights of Welded and Seamless Wrought Steel Pipe
C17: Static pressure drop (Pa) | T17: 34000000 | Z17: 34000000 | AF17: 34000000
C18: Nominal Pipe Diameter (mm) | T18: 80 | Z18: 80 | AF18: 80 | AS18: Nominal Diameter
C19: Pipe Schedule | T19: XS | Z19: XS | AF19: XS | AS19: inches | AT19: mm
C20: External Main Line Diameter (mm) Dext | T20: =IF(T19="manual input","-",INDEX($AT$26:$AU$57,MATCH(T18,$AT$26:$AT$57,0),2)) -> 88.9 | Z20: =IF(Z19="manual input","-",INDEX($AT$26:$AU$57,MATCH(Z18,$AT$26:$AT$57,0),2)) -> 88.9 | AF20: =IF(AF19="manual input","-",INDEX($AT$26:$AU$57,MATCH(AF18,$AT$26:$AT$57,0),2)) -> 88.9
C21: Actual Pipe Wall Thickness (mm) T | T21: =(IF(T19="manual input","-",(INDEX($AV$26:$CK$57,MATCH(T18,$AT$26:$AT$57,0),MATCH(T19,$AV$23:$CK$23,0)+1)*25.4))) -> 7.62 | Z21: =(IF(Z19="manual input","-",(INDEX($AV$26:$CK$57,MATCH(Z18,$AT$26:$AT$57,0),MATCH(Z19,$AV$23:$CK$23,0)+1)*25.4))) -> 7.62 | AF21: =(IF(AF19="manual input","-",(INDEX($AV$26:$CK$57,MATCH(AF18,$AT$26:$AT$57,0),MATCH(AF19,$AV$23:$CK$23,0)+1)*25.4))) -> 7.62
C22: Manually Enter External Main Line Diameter Dext (mm)
C23: Manually Enter Actual Pipe Wall Thickness T (mm) | AR23: Ref | AT23: Size mm | AV23: Sch 5 | AY23: Sch 10 | BB23: Sch 20 | BE23: Sch 30 | BH23: Sch 40 | BK23: Sch 60 | BN23: Sch 80 | BQ23: Sch 100 | BT23: Sch 120 | BW23: Sch 140 | BZ23: Sch 160 | CC23: STD | CF23: XS | CI23: XXS
C24: Internal Main Line Diameter (mm) Dint | T24: =IF(T19="Manual Input",(T22-(T23*2)),(T20-(2*T21))) -> 73.66 | Z24: =IF(Z19="Manual Input",(Z22-(Z23*2)),(Z20-(2*Z21))) -> 73.66 | AF24: =IF(AF19="Manual Input",(AF22-(AF23*2)),(AF20-(2*AF21))) -> 73.66
C25: Schedule 40 Pipe Wall Thickness (mm) | T25: =(INDEX($AT$26:$BI$57,MATCH(T18,$AT$26:$AT$57,0),16))*25.4 -> 5.4864 | Z25: =(INDEX($AT$26:$BI$57,MATCH(Z18,$AT$26:$AT$57,0),16))*25.4 -> 5.4864 | AF25: =(INDEX($AT$26:$BI$57,MATCH(AF18,$AT$26:$AT$57,0),16))*25.4 -> 5.4864 | AR25: 1 | AS25: N/A | AT25: Manual Input | AU25: OD | AV25: SCH | AW25: W.T. | AX25: I.D. | AY25: SCH | AZ25: W.T. | BA25: I.D. | BB25: SCH | BC25: W.T. | BD25: I.D. | BE25: SCH | BF25: W.T. | BG25: I.D. | BH25: SCH | BI25: W.T. | BJ25: I.D. | BK25: SCH | BL25: W.T. | BM25: I.D. | BN25: SCH | BO25: W.T. | BP25: I.D. | BQ25: SCH | BR25: W.T. | BS25: I.D. | BT25: SCH | BU25: W.T. | BV25: I.D. | BW25: SCH | BX25: W.T. | BY25: I.D. | BZ25: SCH | CA25: W.T. | CB25: I.D. | CC25: SCH | CD25: W.T. | CE25: I.D. | CF25: SCH | CG25: W.T. | CH25: I.D. | CI25: SCH | CJ25: W.T. | CK25: I.D.
C26: Support Type | T26: Medium | Z26: Medium | AF26: Medium | AR26: 4 | AS26: 0.375 | AT26: 10 | AU26: 17.15 | AY26: Sch 10 | AZ26: 0.065 | BA26: 0.545 | BH26: Sch 40 | BI26: 0.091 | BJ26: 0.493 | BN26: Sch 80 | BO26: 0.126 | BP26: 0.425 | CC26: STD | CD26: 0.091 | CE26: 0.493 | CF26: XS | CG26: 0.126 | CH26: 0.423
C27: Support Correction Factor (θ) | T27: =IF(T26="user input","",INDEX($AO$34:$AP$37,MATCH(T26,$AP$34:$AP$37,0),1)) -> 1 | Z27: =IF(Z26="user input","",INDEX($AO$34:$AP$37,MATCH(Z26,$AP$34:$AP$37,0),1)) -> 1 | AF27: =IF(AF26="user input","",INDEX($AO$34:$AP$37,MATCH(AF26,$AP$34:$AP$37,0),1)) -> 1 | AR27: 5 | AS27: 0.5 | AT27: 15 | AU27: 21.34 | AY27: Sch 10 | AZ27: 0.065 | BA27: 0.674 | BH27: Sch 40 | BI27: 0.109 | BJ27: 0.622 | BN27: Sch 80 | BO27: 0.147 | BP27: 0.546 | BZ27: Sch 160 | CA27: 0.188 | CB27: 0.464 | CC27: STD | CD27: 0.109 | CE27: 0.622 | CF27: XS | CG27: 0.147 | CH27: 0.546 | CI27: XXS | CJ27: 0.294 | CK27: 0.252
C28: Input Check | T28: =IF(T24<0,"Input Error: Invalid Pipe Wall Thickness",IF(T21=0,"Input Error: Invalid Pipe Schedule","Inputs Ok")) -> Inputs Ok | Z28: =IF(Z24<0,"Input Error: Invalid Pipe Wall Thickness",IF(Z21=0,"Input Error: Invalid Pipe Schedule","Inputs Ok")) -> Inputs Ok | AF28: =IF(AF24<0,"Input Error: Invalid Pipe Wall Thickness",IF(AF21=0,"Input Error: Invalid Pipe Schedule","Inputs Ok")) -> Inputs Ok | AR28: 6 | AS28: 0.75 | AT28: 20 | AU28: 26.67 | AV28: Sch 5 | AW28: 0.065 | AX28: 0.92 | AY28: Sch 10 | AZ28: 0.083 | BA28: 0.884 | BH28: Sch 40 | BI28: 0.113 | BJ28: 0.824 | BN28: Sch 80 | BO28: 0.154 | BP28: 0.742 | BZ28: Sch 160 | CA28: 0.219 | CB28: 0.612 | CC28: STD | CD28: 0.113 | CE28: 0.824 | CF28: XS | CG28: 0.154 | CH28: 0.742 | CI28: XXS | CJ28: 0.308 | CK28: 0.434
C29: Calculation | AR29: 7 | AS29: 1 | AT29: 25 | AU29: 33.4 | AV29: Sch 5 | AW29: 0.065 | AX29: 1.185 | AY29: Sch 10 | AZ29: 0.109 | BA29: 1.097 | BH29: Sch 40 | BI29: 0.133 | BJ29: 1.049 | BN29: Sch 80 | BO29: 0.179 | BP29: 0.957 | BZ29: Sch 160 | CA29: 0.25 | CB29: 0.815 | CC29: STD | CD29: 0.133 | CE29: 1.049 | CF29: XS | CG29: 0.179 | CH29: 0.957 | CI29: XXS | CJ29: 0.358 | CK29: 0.599
C30: Peak Force (kN) Fmax | T30: =IF(T28="Inputs Ok",((1/1.58)*T16*(((T17/100000)/T15)^0.5)),"-") -> 10.793625 | Z30: =IF(Z28="Inputs Ok",((1/1.58)*Z16*(((Z17/100000)/Z15)^0.5)),"-") -> 10.793625 | AF30: =IF(AF28="Inputs Ok",((1/1.58)*AF16*(((AF17/100000)/AF15)^0.5)),"-") -> 10.793625 | AR30: 8 | AS30: 1.25 | AT30: 32 | AU30: 42.16 | AV30: Sch 5 | AW30: 0.065 | AX30: 1.53 | AY30: Sch 10 | AZ30: 0.109 | BA30: 1.442 | BH30: Sch 40 | BI30: 0.14 | BJ30: 1.38 | BN30: Sch 80 | BO30: 0.191 | BP30: 1.278 | BZ30: Sch 160 | CA30: 0.25 | CB30: 1.16 | CC30: STD | CD30: 0.14 | CE30: 1.38 | CF30: XS | CG30: 0.191 | CH30: 1.278 | CI30: XXS | CJ30: 0.382 | CK30: 0.896
C31: Thickness Ratio (Ψ) | T31: =IF(T28="Inputs Ok",(IF(T19="Manual Input",T23/T25,T21/T25)),"-") -> 1.3888889 | Z31: =IF(Z28="Inputs Ok",(IF(Z19="Manual Input",Z23/Z25,Z21/Z25)),"-") -> 1.3888889 | AF31: =IF(AF28="Inputs Ok",(IF(AF19="Manual Input",AF23/AF25,AF21/AF25)),"-") -> 1.3888889 | AR31: 9 | AS31: 1.5 | AT31: 40 | AU31: 48.26 | AV31: Sch 5 | AW31: 0.065 | AX31: 1.77 | AY31: Sch 10 | AZ31: 0.109 | BA31: 1.682 | BH31: Sch 40 | BI31: 0.145 | BJ31: 1.61 | BN31: Sch 80 | BO31: 0.2 | BP31: 1.5 | BZ31: Sch 160 | CA31: 0.281 | CB31: 1.338 | CC31: STD | CD31: 0.145 | CE31: 1.61 | CF31: XS | CG31: 0.2 | CH31: 1.5 | CI31: XXS | CJ31: 0.4 | CK31: 1.1
C32: Limit Force (kN) Flim | T32: =IF(T28="Inputs Ok",(IF(T19="Manual Input",((16.8*T31^3)-(1.81*T31^2)+(525*T31)+25.3)*T22*T27*PI()*((T24^2)/(4*10^9)),((16.8*T31^3)-(1.81*T31^2)+(525*T31)+25.3)*T20*T27*PI()*((T24^2)/(4*10^9)))),"-") -> 0.3015506 | Z32: =IF(Z28="Inputs Ok",(IF(Z19="Manual Input",((16.8*Z31^3)-(1.81*Z31^2)+(525*Z31)+25.3)*Z22*Z27*PI()*((Z24^2)/(4*10^9)),((16.8*Z31^3)-(1.81*Z31^2)+(525*Z31)+25.3)*Z20*Z27*PI()*((Z24^2)/(4*10^9)))),"-") -> 0.3015506 | AF32: =IF(AF28="Inputs Ok",(IF(AF19="Manual Input",((16.8*AF31^3)-(1.81*AF31^2)+(525*AF31)+25.3)*AF22*AF27*PI()*((AF24^2)/(4*10^9)),((16.8*AF31^3)-(1.81*AF31^2)+(525*AF31)+25.3)*AF20*AF27*PI()*((AF24^2)/(4*10^9)))),"-") -> 0.3015506 | AR32: 10 | AS32: 2 | AT32: 50 | AU32: 60.33 | AV32: Sch 5 | AW32: 0.065 | AX32: 2.245 | AY32: Sch 10 | AZ32: 0.109 | BA32: 2.157 | BH32: Sch 40 | BI32: 0.154 | BJ32: 2.067 | BN32: Sch 80 | BO32: 0.218 | BP32: 1.939 | BZ32: Sch 160 | CA32: 0.344 | CB32: 1.687 | CC32: STD | CD32: 0.154 | CE32: 2.067 | CF32: XS | CG32: 0.218 | CH32: 1.939 | CI32: XXS | CJ32: 0.436 | CK32: 1.503
C33: Likelihood of Failure (L.O.F.) | T33: =IF(T28="Inputs Ok",T30/T32,"Input Error") -> 35.793743 | Z33: =IF(Z28="Inputs Ok",Z30/Z32,"Input Error") -> 35.793743 | AF33: =IF(AF28="Inputs Ok",AF30/AF32,"Input Error") -> 35.793743 | AP33: User Input | AR33: 11 | AS33: 2.5 | AT33: 65 | AU33: 73.02 | AV33: Sch 5 | AW33: 0.083 | AX33: 2.709 | AY33: Sch 10 | AZ33: 0.12 | BA33: 2.635 | BH33: Sch 40 | BI33: 0.203 | BJ33: 2.469 | BN33: Sch 80 | BO33: 0.276 | BP33: 2.323 | BZ33: Sch 160 | CA33: 0.375 | CB33: 2.125 | CC33: STD | CD33: 0.203 | CE33: 2.469 | CF33: XS | CG33: 0.276 | CH33: 2.323 | CI33: XXS | CJ33: 0.552 | CK33: 1.771
AO34: 4 | AP34: Stiff | AR34: 12 | AS34: 3 | AT34: 80 | AU34: 88.9 | AV34: Sch 5 | AW34: 0.083 | AX34: 3.334 | AY34: Sch 10 | AZ34: 0.12 | BA34: 3.26 | BH34: Sch 40 | BI34: 0.216 | BJ34: 3.068 | BN34: Sch 80 | BO34: 0.3 | BP34: 2.9 | BZ34: Sch 160 | CA34: 0.438 | CB34: 2.624 | CC34: STD | CD34: 0.216 | CE34: 3.068 | CF34: XS | CG34: 0.3 | CH34: 2.9 | CI34: XXS | CJ34: 0.6 | CK34: 2.3
AO35: 2 | AP35: Medium Stiff | AR35: 13 | AS35: 3.5 | AT35: 90 | AU35: 101.6 | AV35: Sch 5 | AW35: 0.083 | AX35: 3.834 | AY35: Sch 10 | AZ35: 0.12 | BA35: 3.76 | BH35: Sch 40 | BI35: 0.226 | BJ35: 3.548 | BN35: Sch 80 | BO35: 0.318 | BP35: 3.364 | BZ35: Sch 160 | CC35: STD | CD35: 0.226 | CE35: 3.548 | CF35: XS | CG35: 0.318 | CH35: 3.364
AO36: 1 | AP36: Medium | AR36: 14 | AS36: 4 | AT36: 100 | AU36: 114.3 | AV36: Sch 5 | AW36: 0.083 | AX36: 4.334 | AY36: Sch 10 | AZ36: 0.12 | BA36: 4.26 | BH36: Sch 40 | BI36: 0.237 | BJ36: 4.026 | BN36: Sch 80 | BO36: 0.337 | BP36: 3.826 | BT36: Sch 120 | BU36: 0.438 | BV36: 3.624 | BZ36: Sch 160 | CA36: 0.531 | CB36: 3.438 | CC36: STD | CD36: 0.237 | CE36: 4.026 | CF36: XS | CG36: 0.337 | CH36: 3.826 | CI36: XXS | CJ36: 0.674 | CK36: 3.152
AO37: 0.5 | AP37: Flexible | AR37: 15 | AS37: 5 | AT37: 125 | AU37: 141.3 | AV37: Sch 5 | AW37: 0.109 | AX37: 5.345 | AY37: Sch 10 | AZ37: 0.134 | BA37: 5.295 | BH37: Sch 40 | BI37: 0.258 | BJ37: 5.047 | BN37: Sch 80 | BO37: 0.375 | BP37: 4.813 | BT37: Sch 120 | BU37: 0.5 | BV37: 4.563 | BZ37: Sch 160 | CA37: 0.625 | CB37: 4.313 | CC37: STD | CD37: 0.258 | CE37: 5.047 | CF37: XS | CG37: 0.375 | CH37: 4.813 | CI37: XXS | CJ37: 0.75 | CK37: 4.063
AR38: 16 | AS38: 6 | AT38: 150 | AU38: 168.3 | AV38: Sch 5 | AW38: 0.109 | AX38: 6.407 | AY38: Sch 10 | AZ38: 0.134 | BA38: 6.357 | BH38: Sch 40 | BI38: 0.28 | BJ38: 6.065 | BN38: Sch 80 | BO38: 0.432 | BP38: 5.761 | BT38: Sch 120 | BU38: 0.562 | BV38: 5.501 | BZ38: Sch 160 | CA38: 0.719 | CB38: 5.187 | CC38: STD | CD38: 0.28 | CE38: 6.065 | CF38: XS | CG38: 0.432 | CH38: 5.761 | CI38: XXS | CJ38: 0.864 | CK38: 4.897
AR39: 17 | AS39: 8 | AT39: 200 | AU39: 219.1 | AV39: Sch 5 | AW39: 0.109 | AX39: 8.407 | AY39: Sch 10 | AZ39: 0.148 | BA39: 8.329 | BB39: Sch 20 | BC39: 0.25 | BD39: 8.125 | BE39: Sch 30 | BF39: 0.277 | BG39: 8.071 | BH39: Sch 40 | BI39: 0.322 | BJ39: 7.981 | BK39: Sch 60 | BL39: 0.406 | BM39: 7.813 | BN39: Sch 80 | BO39: 0.5 | BP39: 7.625 | BQ39: Sch 100 | BR39: 0.594 | BS39: 7.437 | BT39: Sch 120 | BU39: 0.719 | BV39: 7.187 | BW39: Sch 140 | BX39: 0.812 | BY39: 7.001 | BZ39: Sch 160 | CA39: 0.906 | CB39: 6.813 | CC39: STD | CD39: 0.322 | CE39: 7.981 | CF39: XS | CG39: 0.5 | CH39: 7.625 | CI39: XXS | CJ39: 0.875 | CK39: 6.875
AR40: 18 | AS40: 10 | AT40: 250 | AU40: 273.05 | AV40: Sch 5 | AW40: 0.134 | AX40: 10.482 | AY40: Sch 10 | AZ40: 0.165 | BA40: 10.42 | BB40: Sch 20 | BC40: 0.25 | BD40: 10.25 | BE40: Sch 30 | BF40: 0.307 | BG40: 10.136 | BH40: Sch 40 | BI40: 0.365 | BJ40: 10.02 | BK40: Sch 60 | BL40: 0.5 | BM40: 9.75 | BN40: Sch 80 | BO40: 0.594 | BP40: 9.562 | BQ40: Sch 100 | BR40: 0.719 | BS40: 9.312 | BT40: Sch 120 | BU40: 0.844 | BV40: 9.062 | BW40: Sch 140 | BX40: 1 | BY40: 8.75 | BZ40: Sch 160 | CA40: 1.125 | CB40: 8.5 | CC40: STD | CD40: 0.365 | CE40: 10.02 | CF40: XS | CG40: 0.5 | CH40: 9.75 | CI40: XXS | CJ40: 1 | CK40: 8.75
AR41: 19 | AS41: 12 | AT41: 300 | AU41: 323.85 | AV41: Sch 5 | AW41: 0.156 | AX41: 12.438 | AY41: Sch 10 | AZ41: 0.18 | BA41: 12.39 | BB41: Sch 20 | BC41: 0.25 | BD41: 12.25 | BE41: Sch 30 | BF41: 0.33 | BG41: 12.09 | BH41: Sch 40 | BI41: 0.406 | BJ41: 11.938 | BK41: Sch 60 | BL41: 0.562 | BM41: 11.626 | BN41: Sch 80 | BO41: 0.688 | BP41: 11.374 | BQ41: Sch 100 | BR41: 0.844 | BS41: 11.062 | BT41: Sch 120 | BU41: 1 | BV41: 10.75 | BW41: Sch 140 | BX41: 1.125 | BY41: 10.5 | BZ41: Sch 160 | CA41: 1.312 | CB41: 10.126 | CC41: STD | CD41: 0.375 | CE41: 12 | CF41: XS | CG41: 0.5 | CH41: 11.75 | CI41: XXS | CJ41: 1 | CK41: 10.75
AR42: 20 | AS42: 14 | AT42: 350 | AU42: 355.6 | AV42: Sch 5 | AW42: 0.156 | AX42: 13.688 | AY42: Sch 10 | AZ42: 0.25 | BA42: 13.5 | BB42: Sch 20 | BC42: 0.312 | BD42: 13.376 | BE42: Sch 30 | BF42: 0.375 | BG42: 13.25 | BH42: Sch 40 | BI42: 0.438 | BJ42: 13.124 | BK42: Sch 60 | BL42: 0.594 | BM42: 12.812 | BN42: Sch 80 | BO42: 0.75 | BP42: 12.5 | BQ42: Sch 100 | BR42: 0.938 | BS42: 12.124 | BT42: Sch 120 | BU42: 1.094 | BV42: 11.812 | BW42: Sch 140 | BX42: 1.25 | BY42: 11.5 | BZ42: Sch 160 | CA42: 1.406 | CB42: 11.188 | CC42: STD | CD42: 0.375 | CE42: 13.25 | CF42: XS | CG42: 0.5 | CH42: 13
AR43: 22 | AS43: 18 | AT43: 450 | AU43: 457.2 | AV43: Sch 5 | AW43: 0.165 | AX43: 17.67 | AY43: Sch 10 | AZ43: 0.25 | BA43: 17.5 | BB43: Sch 20 | BC43: 0.312 | BD43: 17.376 | BE43: Sch 30 | BF43: 0.438 | BG43: 17.124 | BH43: Sch 40 | BI43: 0.562 | BJ43: 16.876 | BK43: Sch 60 | BL43: 0.75 | BM43: 16.5 | BN43: Sch 80 | BO43: 0.938 | BP43: 16.124 | BQ43: Sch 100 | BR43: 1.156 | BS43: 15.688 | BT43: Sch 120 | BU43: 1.375 | BV43: 15.25 | BW43: Sch 140 | BX43: 1.562 | BY43: 14.876 | BZ43: Sch 160 | CA43: 1.781 | CB43: 14.438 | CC43: STD | CD43: 0.375 | CE43: 17.25 | CF43: XS | CG43: 0.5 | CH43: 17
AR44: 23 | AS44: 20 | AT44: 500 | AU44: 508 | AV44: Sch 5 | AW44: 0.188 | AX44: 19.624 | AY44: Sch 10 | AZ44: 0.25 | BA44: 19.5 | BB44: Sch 20 | BC44: 0.375 | BD44: 19.25 | BE44: Sch 30 | BF44: 0.5 | BG44: 19 | BH44: Sch 40 | BI44: 0.594 | BJ44: 18.812 | BK44: Sch 60 | BL44: 0.812 | BM44: 18.376 | BN44: Sch 80 | BO44: 1.031 | BP44: 17.938 | BQ44: Sch 100 | BR44: 1.281 | BS44: 17.438 | BT44: Sch 120 | BU44: 1.5 | BV44: 17 | BW44: Sch 140 | BX44: 1.75 | BY44: 16.5 | BZ44: Sch 160 | CA44: 1.969 | CB44: 16.062 | CC44: STD | CD44: 0.375 | CE44: 19.25 | CF44: XS | CG44: 0.5 | CH44: 19
AR45: 24 | AS45: 22 | AT45: 550 | AU45: 558.8 | AV45: Sch 5 | AW45: 0.188 | AX45: 21.624 | AY45: Sch 10 | AZ45: 0.25 | BA45: 23.5 | BB45: Sch 20 | BC45: 0.375 | BD45: 21.25 | BE45: Sch 30 | BF45: 0.5 | BG45: 21 | BH45: Sch 40 | BK45: Sch 60 | BL45: 0.875 | BM45: 20.25 | BN45: Sch 80 | BO45: 1.125 | BP45: 19.75 | BQ45: Sch 100 | BR45: 1.375 | BS45: 19.25 | BT45: Sch 120 | BU45: 1.625 | BV45: 18.75 | BW45: Sch 140 | BX45: 1.875 | BY45: 20.125 | BZ45: Sch 160 | CA45: 2.125 | CB45: 17.75 | CC45: STD | CD45: 0.375 | CE45: 21.25 | CF45: XS | CG45: 0.5 | CH45: 21
AR46: 25 | AS46: 24 | AT46: 600 | AU46: 609.6 | AV46: Sch 5 | AW46: 0.218 | AX46: 23.564 | AY46: Sch 10 | AZ46: 0.25 | BA46: 23.5 | BB46: Sch 20 | BC46: 0.375 | BD46: 23.25 | BE46: Sch 30 | BF46: 0.562 | BG46: 22.876 | BH46: Sch 40 | BI46: 0.688 | BJ46: 22.624 | BK46: Sch 60 | BL46: 0.969 | BM46: 22.062 | BN46: Sch 80 | BO46: 1.219 | BP46: 21.562 | BQ46: Sch 100 | BR46: 1.531 | BS46: 20.938 | BT46: Sch 120 | BU46: 1.812 | BV46: 20.376 | BW46: Sch 140 | BX46: 2.062 | BY46: 19.876 | BZ46: Sch 160 | CA46: 2.344 | CB46: 19.312 | CC46: STD | CD46: 0.375 | CE46: 23.25 | CF46: XS | CG46: 0.5 | CH46: 23
AR47: 26 | AS47: 26 | AT47: 650 | AU47: 660.4 | AY47: Sch 10 | AZ47: 0.312 | BA47: 25.376 | BB47: Sch 20 | BC47: 0.5 | BD47: 25 | BE47: Sch 30 | CC47: STD | CD47: 0.375 | CE47: 25.25 | CF47: XS | CG47: 0.5 | CH47: 25
AR49: 27 | AS49: 28 | AT49: 700 | AU49: 711.2 | AY49: Sch 10 | AZ49: 0.312 | BA49: 27.376 | BB49: Sch 20 | BC49: 0.5 | BD49: 27 | BE49: Sch 30 | BF49: 0.625 | BG49: 26.75 | CC49: STD | CD49: 0.375 | CE49: 27.25 | CF49: XS | CG49: 0.5 | CH49: 27
AR50: 28 | AS50: 30 | AT50: 750 | AU50: 762 | AV50: Sch 5 | AW50: 0.25 | AX50: 29.5 | AY50: Sch 10 | AZ50: 0.312 | BA50: 29.376 | BB50: Sch 20 | BC50: 0.5 | BD50: 29 | BE50: Sch 30 | BF50: 0.625 | BG50: 28.75 | CC50: STD | CD50: 0.375 | CE50: 29.25 | CF50: XS | CG50: 0.5 | CH50: 29
AR51: 29 | AS51: 32 | AT51: 800 | AU51: 812.8 | AY51: Sch 10 | AZ51: 0.312 | BA51: 31.376 | BB51: Sch 20 | BC51: 0.5 | BD51: 31 | BE51: Sch 30 | BF51: 0.625 | BG51: 30.75 | BH51: Sch 40 | BI51: 0.688 | BJ51: 30.624 | CC51: STD | CD51: 0.375 | CE51: 31.25 | CF51: XS | CG51: 0.5 | CH51: 31
B52: =disclaimer -> This Calculation represents the work of Worley performed to recognized engineering principles and practices appropriate for the terms of reference provided by Worley contractual Customer. This Calculation is confidential and prepared solely for the use of the Customer. The contents of this Calculation may not be disclosed to or relied upon by any party other than the Customer, and neither Worley, its subconsultants nor their respective employees assume any liability for any reason, including, but not limited to, negligence, to any other party for any information or representation herein. | AR52: 30 | AS52: 34 | AT52: 850 | AU52: 863.6 | AY52: Sch 10 | AZ52: 0.312 | BA52: 33.376 | BB52: Sch 20 | BC52: 0.5 | BD52: 33 | BE52: Sch 30 | BF52: 0.625 | BG52: 32.75 | BH52: Sch 40 | BI52: 0.688 | BJ52: 32.624 | CC52: STD | CD52: 0.375 | CE52: 33.25 | CF52: XS | CG52: 0.5 | CH52: 33
AR53: 31 | AS53: 36 | AT53: 900 | AU53: 914.4 | AY53: Sch 10 | AZ53: 0.312 | BA53: 35.376 | BB53: Sch 20 | BC53: 0.5 | BD53: 35 | BE53: Sch 30 | BF53: 0.625 | BG53: 34.75 | BH53: Sch 40 | BI53: 0.75 | BJ53: 34.5 | CC53: STD | CD53: 0.375 | CE53: 35.25 | CF53: XS | CG53: 0.5 | CH53: 35
AR54: 32 | AS54: 38 | AT54: 950 | AU54: 965.2 | CC54: STD | CD54: 0.375 | CE54: 37.25 | CF54: XS | CG54: 0.5 | CH54: 37
AR55: 35 | AS55: 44 | AT55: 1100 | AU55: 1117.6 | CC55: STD | CD55: 0.375 | CE55: 43.25 | CF55: XS | CG55: 0.5 | CH55: 43
AR56: 36 | AS56: 46 | AT56: 1150 | AU56: 1168.4 | CC56: STD | CD56: 0.375 | CE56: 45.25 | CF56: XS | CG56: 0.5 | CH56: 45
AR57: 37 | AS57: 48 | AT57: 1200 | AU57: 1219.2 | CC57: STD | CD57: 0.375 | CE57: 47.25 | CF57: XS | CG57: 0.5 | CH57: 47
AW62: 1 | AX62: Manual Input | AY62: n/a
AW63: 2 | AX63: Sch 5 | AY63: 5
AW64: 3 | AX64: Sch 10 | AY64: 10
AW65: 4 | AX65: Sch 20 | AY65: 20
AW66: 5 | AX66: Sch 30 | AY66: 30
AW67: 6 | AX67: Sch 40 | AY67: 40
AW68: 7 | AX68: Sch 80 | AY68: 80
AW69: 8 | AX69: Sch 100 | AY69: 100
AW70: 9 | AX70: Sch 120 | AY70: 120
AW71: 10 | AX71: Sch 140 | AY71: 140
AW72: 11 | AX72: Sch 160 | AY72: 160
AW73: 12 | AX73: Std | AY73: STD
AW74: 13 | AX74: XS | AY74: XS
AW75: 14 | AX75: XXS | AY75: XXS
